Price,Close,High,Low,Open,Volume
Ticker,AAPL,AAPL,AAPL,AAPL,AAPL
Date,,,,,
2020-01-02,72.46825408935547,72.52857392672578,71.22325176244068,71.47659213409148,135480400
2020-01-03,71.76372528076172,72.52375386627762,71.53933722124737,71.69616734789946,146322800
2020-01-06,72.33554077148438,72.3741463481867,70.63452442658405,70.88545699351877,118387200
2020-01-07,71.99536895751953,72.60097528872254,71.77580380389517,72.34521969510813,108872000
2020-01-08,73.15349578857422,73.45509501348069,71.69858142215591,71.69858142215591,132079200
2020-01-09,74.70733642578125,74.90035698659045,73.87974991049977,74.13067516689924,170108400
2020-01-10,74.87623596191406,75.4408362602049,74.37437802964394,74.94138611501243,140644800
2020-01-13,76.47592163085938,76.5024661955154,75.07408881301154,75.19232073386635,121532000
2020-01-14,75.44322967529297,76.62308929816353,75.32018220682278,76.41317742986432,161954400
2020-01-15,75.11991882324219,76.12364189473249,74.6880266854858,75.2429736592525,121923600
2020-01-16,76.0609130859375,76.17190690767254,75.30088447470833,75.66280356227105,108829200
2020-01-17,76.90298461914062,76.90539240608445,76.00300982033474,76.30943200280402,137816400
2020-01-21,76.38182067871094,76.97295078497612,76.2442896548719,76.53141272712692,110843200
2020-01-22,76.65447235107422,77.2069969045426,76.56036984576589,76.86679204908404,101832400
2020-01-23,77.02362823486328,77.10324719984139,76.15984382890906,76.70755279875391,104472000
2020-01-24,76.80162811279297,78.01284778014684,76.61101536754971,77.26971063356069,146537600
2020-01-27,74.54326629638672,75.22366854186772,73.56125746709372,74.81108286986905,161940000
2020-01-28,76.65204620361328,76.82335250031947,75.32500962430629,75.42393505290065,162234000
2020-01-29,78.25653839111328,79.10343121061821,77.5423536234093,78.28308294677784,216229200
2020-01-30,78.14317321777344,78.19625499057338,76.90782362889976,77.33971590016903,126743200
2020-01-31,74.67839813232422,77.85604407632879,74.38403693557139,77.43380507723946,199588400
2020-02-03,74.47329711914062,75.63867332859459,72.91945726436026,73.42131515382538,173788400
2020-02-04,76.93192291259766,77.1225356625265,75.67244439973094,76.07779194419663,136616400
2020-02-05,77.55925750732422,78.35789164403798,76.95605907395962,78.0587002140709,118826800
2020-02-06,78.46647644042969,78.46889159082244,77.27214775489887,77.8295026141326,105425600
2020-02-07,77.39990234375,78.21494247737544,76.90894303407646,77.96583518982163,117684000
2020-02-10,77.76749420166016,77.76749420166016,75.90523855208762,75.98504645076437,109348800
2020-02-11,77.29830169677734,78.335848675863,77.08063640806871,78.26329603987216,94323200
2020-02-12,79.13398742675781,79.13882181030785,77.7481726332658,77.7481726332658,113730400
2020-02-13,78.57046508789062,78.89696679324649,78.20285267206994,78.40600748455542,94747600
2020-02-14,78.58981323242188,78.83892050632156,78.08192253766144,78.53901899642953,80113600
2020-02-18,77.15078735351562,77.33217635199567,76.08905353965851,76.27044253813855,152531200
2020-02-19,78.2681655883789,78.49792800681037,77.39266227728542,77.39266227728542,93984000
2020-02-20,77.46519470214844,78.51725240619737,76.95972489443142,78.02871401030635,100566000
2020-02-21,75.71178436279297,77.50149550977896,75.09506456264181,77.05890210716204,129554000
2020-02-24,72.11542510986328,73.56653705998549,69.95085421270655,71.89292541072396,222195200
2020-02-25,69.67273712158203,73.16750228692123,69.20113004030677,72.78537928554614,230673600
2020-02-26,70.77802276611328,72.04291203444619,69.29063367643234,69.29788894493844,198054800
2020-02-27,66.1513442993164,69.16965936503753,66.01590779451507,67.98458625765787,320605600
2020-02-28,66.11265563964844,67.33401260273769,62.0035927413547,62.21884455259078,426510000
2020-03-02,72.26778411865234,72.90385595913628,67.16712712972084,68.2699714851257,341397200
2020-03-03,69.97261810302734,73.52300347304629,69.12129439177312,73.44319556548463,319475600
2020-03-04,73.21826171875,73.3778849017667,70.89406787161629,71.69459728745565,219178400
2020-03-05,70.84329223632812,72.4467648225109,70.47809334857007,71.47210154193513,187572800
2020-03-06,69.90250396728516,70.33542124210555,68.01606076088595,68.20228419897296,226176800
2020-03-09,64.37374877929688,67.25662042749718,63.6070747073531,63.78846370366684,286744800
2020-03-10,69.01002502441406,69.27606360892686,65.14764961954587,67.02684373594583,285290000
2020-03-11,66.61329650878906,68.01362169576068,65.74988307252373,67.08733175658426,255598800
2020-03-12,60.03492736816406,65.30004700639003,59.979302435498994,61.89960811199781,418474000
2020-03-13,67.22759246826172,67.6992067625623,61.176455139066015,64.06417194479151,370732000
2020-03-16,58.57897186279297,62.65901004477626,58.044477343492844,58.51608798383502,322423600
2020-03-17,61.154693603515625,62.30348685183075,57.6575122464136,59.860783996429895,324056000
2020-03-18,59.65763854980469,60.46300623570861,57.347950973526814,57.98886105384675,300233600
2020-03-19,59.200538635253906,61.14986537455913,58.6757201816232,59.83177257079482,271857200
2020-03-20,55.44215393066406,60.90558973701077,55.142256121470716,59.78097572031221,401693200
2020-03-23,54.26432418823242,55.263173984270736,51.42014640930313,55.161596601848416,336752800
2020-03-24,59.70842361450195,59.904323146252956,56.66592497733461,57.16413951249609,287531200
2020-03-25,59.37950134277344,62.458276127894656,59.084441621112084,60.64438621130527,303602000
2020-03-26,62.50423049926758,62.56227261652978,59.582657941818766,59.62135514690596,252087200
2020-03-27,59.916419982910156,61.88267437044843,59.74954150082475,61.12809725879501,204216800
2020-03-30,61.62630844116211,61.79802498746447,60.31788821611853,60.6419727055928,167976400
2020-03-31,61.500545501708984,63.483731229594824,60.94670602705082,61.8173747321562,197002000
2020-04-01,58.26457214355469,60.15343586559381,57.83407583491139,59.6165240756465,176218400
2020-04-02,59.23680877685547,59.290016512254034,57.29473750591379,58.12670897901646,165934000
2020-04-03,58.385494232177734,59.423037724427395,57.79537474123642,58.721668376231186,129880000
2020-04-06,63.47890090942383,63.63368236649505,60.31305880719071,60.68067122588063,201820400
2020-04-07,62.7436637878418,65.71119260823201,62.6396691972311,65.49351989948178,202887200
2020-04-08,64.34956359863281,64.66396824725281,63.17900080091498,63.544192303076315,168895200
2020-04-09,64.81392669677734,65.31698307985819,64.0182387887634,64.98564696158498,161834800
2020-04-13,66.0860595703125,66.19489592354667,64.29151446730144,64.89131008954301,131022800
2020-04-14,69.4236068725586,69.71383219653002,67.24693908498263,67.71855339125206,194994800
2020-04-15,68.78996276855469,69.24948009360917,67.87092811844572,68.2990035025,131154400
2020-04-16,69.3365478515625,69.70174671960459,68.28691109689659,69.50342631571836,157125200
2020-04-17,68.39574432373047,69.3994360529156,66.95914281806782,68.85284815768563,215250000
2020-04-20,66.97606658935547,68.12486348645393,66.95672167861267,67.22276033093017,130015200
2020-04-21,64.90579986572266,67.05344613846933,64.19475461648261,66.81884947622706,180991600
2020-04-22,66.77532196044922,67.2106524991791,65.83210087271084,66.17310561229915,116862400
2020-04-23,66.5165786743164,68.14182498152778,66.477881455009,66.71973354012535,124814400
2020-04-24,68.43685913085938,68.44653527723898,66.99300242947831,67.04137578063921,126161200
2020-04-27,68.48524475097656,68.81658086164907,67.70648089449013,68.1539012595656,117087600
2020-04-28,67.37513732910156,69.1285646001926,67.28323975471295,68.94717557214871,112004800
2020-04-29,69.58807373046875,70.05726716798014,68.65936300137292,68.86251778141856,137280800
2020-04-30,71.05609130859375,71.232645867668,69.738002769976,70.12738081932683,183064000
2020-05-01,69.91216278076172,72.31375148512824,69.13339900800005,69.23013833651491,240616800
2020-05-04,70.9013442993164,71.02952558414289,69.24707724616884,69.93635703016494,133568000
2020-05-05,71.96548461914062,72.79745613687825,71.21574190038736,71.36085458478117,147751200
2020-05-06,72.70794677734375,73.33917677085363,72.28228501940794,72.66682870178784,142333600
2020-05-07,73.46012878417969,73.80598277550787,73.03205337405477,73.33436839325711,115215200
2020-05-08,75.20858764648438,75.26193940487305,73.79234971555809,74.11973516927421,133838400
2020-05-11,76.39202117919922,76.88672941017224,74.50773979704356,74.71629936167047,145946400
2020-05-12,75.51900482177734,77.52695980197926,75.39775148384071,77.07589353648245,162301200
2020-05-13,74.6072006225586,76.6200111005404,73.53047005378731,75.69848100436312,200622400
2020-05-14,75.06552124023438,75.12614791139806,73.12304032792042,73.84571291244961,158929200
2020-05-15,74.62171936035156,74.66779621600826,72.80291948142614,72.83687396484294,166348400
2020-05-18,76.37991333007812,76.7533757455592,75.2546860142826,75.9458316362108,135178400
2020-05-19,75.93854522705078,77.24322494712233,75.90701817457786,76.39687900327164,101729600
2020-05-20,77.41542053222656,77.48574215036817,76.75822201252429,76.79702397462873,111504800
2020-05-21,76.8382339477539,77.81796289124716,76.60057476521234,77.27717039456796,102688800
2020-05-22,77.33296966552734,77.41542106029263,76.4744938248148,76.57634250040586,81803200
2020-05-26,76.80915069580078,78.6303710026143,76.75337148985957,78.45091841064635,125522000
2020-05-27,77.14380645751953,77.28931196459057,75.92642542981746,76.66607534046294,112945200
2020-05-28,77.17774963378906,78.43635987423401,76.54238332681012,76.81883708906608,133560800
2020-05-29,77.10258483886719,77.88102931454405,76.74609967511876,77.42026804049199,153532400
2020-06-01,78.05076599121094,78.17201931498144,76.92553159427727,77.05648725614977,80791200
2020-06-02,78.412109375,78.43636152325215,77.34265402331467,77.78401795906733,87642800
2020-06-03,78.84376525878906,79.10567659978926,78.15989469149704,78.73221426577138,104491200
2020-06-04,78.16475677490234,78.96502587807994,77.79129440641832,78.66674739088378,87560400
2020-06-05,80.39096069335938,80.45158736054894,78.3854332069865,78.4145328231229,137250400
2020-06-08,80.86628723144531,80.90024172394006,79.3772998475136,80.08784274734353,95654400
2020-06-09,83.41989135742188,83.81275109320447,80.51466534056526,80.54619240096828,147712400
2020-06-10,85.5660629272461,86.0340990809107,83.92914270631454,84.36807924016622,166651600
2020-06-11,81.4579849243164,85.13438674688165,81.35613627237949,84.71000009547407,201662400
2020-06-12,82.16126251220703,84.34382269299937,81.05058514318586,83.59690535411025,200146000
2020-06-15,83.17736053466797,83.82970407027696,80.65286520703812,80.81534793256503,138808800
2020-06-16,85.38175964355469,85.65337337676685,83.596913801037,85.23140666668927,165428800
2020-06-17,85.26292419433594,86.18687406891311,85.14167085225792,86.12624739787411,114406400
2020-06-18,85.29689025878906,85.71400210817573,84.68819603071728,85.21928633315488,96820400
2020-06-19,84.80946350097656,86.46820883364359,83.70120584339429,86.00260000379964,264476000
2020-06-22,87.02837371826172,87.17145177573371,85.15622179560962,85.2022986582704,135445200
2020-06-23,88.8859634399414,90.30462884351627,87.85288272746979,88.27242190241752,212155600
2020-06-24,87.31697082519531,89.43405719903721,86.94350839643548,88.51495463894143,192623200
2020-06-25,88.47615051269531,88.51495247583935,86.71312932901027,87.47217654394532,137522400
2020-06-26,85.75763702392578,88.59254065861916,85.609704103183,88.37185869535793,205256800
2020-06-29,87.73407745361328,87.82865862307958,85.1877569926391,85.66549550848868,130646000
2020-06-30,88.4664535522461,88.75261712274803,87.30242419000004,87.32182147239291,140223200
2020-07-01,88.29910278320312,89.087249484998,88.25060588813794,88.5440368956825,110737200
2020-07-02,88.29910278320312,89.84144910031887,88.18513174947753,89.20608278944812,114041600
2020-07-06,90.66112518310547,91.12916130648333,89.69594591770318,89.72747297069945,118655600
2020-07-07,90.37982940673828,91.81789246963082,90.26827838855647,91.03944797633464,112424400
2020-07-08,92.48479461669922,92.51632167713927,91.26983347624791,91.35713975136794,117092000
2020-07-09,92.88249969482422,93.4305598406817,91.83486890517743,93.37720806711494,125642800
2020-07-10,93.04495239257812,93.10315902275178,91.86637359176252,92.47748770321701,90257200
2020-07-13,92.6157455444336,96.95904193877826,92.40233843929651,94.3496671725953,191649200
2020-07-14,94.14839172363281,94.33996671440302,91.0637057803454,91.99735078287982,170989200
2020-07-15,94.79588317871094,96.27274833711341,93.59789929114376,96.02296669096097,153198000
2020-07-16,93.62940216064453,94.48545043557607,93.03041037162107,93.66820411710265,110577600
2020-07-17,93.44023895263672,94.23566048761843,92.96734801354852,94.08046007628133,92186800
2020-07-20,95.40940856933594,95.54763916358735,93.18319885433614,93.527561622358,90318000
2020-07-21,94.09259796142578,96.27515822341762,93.84281636080428,96.19998173978415,103433200
2020-07-22,94.35692596435547,95.0383691628231,93.70700981931506,93.79430867429807,89001600
2020-07-23,90.06214141845703,94.1677781639269,89.25216991066098,94.09017424204148,197004400
2020-07-24,89.83903503417969,90.18339782375423,86.47304066581674,88.26032136137546,185438800
2020-07-27,91.9682388305664,92.06039256097253,90.67810880703217,90.90121082733599,121214000
2020-07-28,90.4574203491211,91.71603062810593,90.45256547899412,91.53899808495447,103625600
2020-07-29,92.19134521484375,92.37565266958501,90.9036352682461,90.94000979201954,90329200
2020-07-30,93.30687713623047,93.41115323756709,90.95698669984957,91.36439616603701,158130000
2020-07-31,103.07504272460938,103.2253956841153,97.80294239807122,99.80120250061277,374336800
2020-08-03,105.67229461669922,108.2913640186851,104.6586183859917,104.95689689079155,308151200
2020-08-04,106.37799835205078,107.4692785886528,105.13878516833616,105.86145785594432,173071600
2020-08-05,106.76355743408203,107.08366800256047,105.63347550648942,106.09909155161407,121776800
2020-08-06,110.48847198486328,110.98318771588607,106.50651618913851,107.09580568303383,202428800
2020-08-07,107.97644805908203,110.46662369685443,107.17959215155733,110.00988785704244,198045600
2020-08-10,109.54584503173828,110.56378066058019,106.89532594642495,109.42194125871023,212403600
2020-08-11,106.2879638671875,109.30775498122829,106.02801209618363,108.80972291616031,187902400
2020-08-12,109.82038116455078,110.07790114888351,107.18443792191327,107.37879010908718,165598000
2020-08-13,111.76393127441406,112.76729092425326,110.7119798713676,111.20029955907641,210082000
2020-08-14,111.6643295288086,111.75421760454509,109.85439412589318,111.58901749702606,165565200
2020-08-17,111.37276458740234,112.81099566384856,110.74597261972492,112.78669979228235,119561600
2020-08-18,112.30082702636719,112.7259788863913,110.78971554731912,111.12497934318773,105633600
2020-08-19,112.44172668457031,113.85566202116895,112.34698241491274,112.70896646857587,145538000
2020-08-20,114.93679809570312,115.05098206254263,112.46605456390462,112.48306242183136,126907200
2020-08-21,120.8597640991211,121.34322020785855,115.88426912064436,115.89641335304087,338054800
2020-08-24,122.30525207519531,125.15013062833738,120.43944460680316,125.06509136210123,345937600
2020-08-25,121.30191802978516,121.64690172019864,119.57944621797552,121.17802164994161,211495600
2020-08-26,122.95150756835938,123.40824339844946,121.55214798920018,122.61867553010855,163022400
2020-08-27,121.481689453125,123.88683296878132,120.33741816118453,123.55400095827326,155552400
2020-08-28,121.28491973876953,122.87376795038361,121.06140802616056,122.45590402911932,187630000
2020-08-31,125.39795684814453,127.30264415530053,122.44376460738829,123.97917232390338,225702700
2020-09-01,130.3928680419922,130.99537911333144,126.84589234906336,129.01294820319362,151948100
2020-09-02,127.69134521484375,134.0856323103623,123.41553725687835,133.7066403087614,200119000
2020-09-03,117.46825408935547,125.20358843955071,117.09898196053354,123.3280682941128,257599600
2020-09-04,117.5459976196289,120.20866118452791,107.76021579822826,116.68111776737273,332607200
2020-09-08,109.6357421875,115.6315969151868,109.49969417268505,110.73384613966655,231366600
2020-09-09,114.00873565673828,115.77736730217215,112.0068798970881,113.95043148169943,176940500
2020-09-10,110.28682708740234,117.09897712734502,109.32477117698187,116.9629291163385,182274400
2020-09-11,108.83888244628906,111.97772133616776,106.89533097403391,111.33634579157453,180860300
2020-09-14,112.10404968261719,112.65796155648654,109.6163061668615,111.48211380367826,140150100
2020-09-15,112.27896881103516,115.47611185461919,110.40344135428404,114.99022398928534,184642000
2020-09-16,108.96522521972656,112.72600049138936,108.87776895050861,111.97773633652149,154679000
2020-09-17,107.2257308959961,109.03323435377406,105.64173911915216,106.62323468611042,178011000
2020-09-18,103.82450866699219,107.7504832499777,103.09567691699868,107.28403508185545,287104900
2020-09-21,106.97306060791016,107.07995651781488,100.19006360823141,101.58942285494095,195713800
2020-09-22,108.65425872802734,109.674626367255,106.07905857827852,109.49970641236058,183055400
2020-09-23,104.09660339355469,108.94576148953016,103.75647600736349,108.46959352854554,150718700
2020-09-24,105.16558074951172,107.1382844839182,102.03646141325542,102.20166152378793,167743300
2020-09-25,109.11097717285156,109.26646484753799,104.63109048927913,105.3696421159189,149981400
2020-09-28,111.7153549194336,112.06519483137623,109.59688319225279,111.76394667933849,137672400
2020-09-29,110.86990356445312,112.05547129194501,110.36458338283204,111.3169269814266,99382200
2020-09-30,112.5413589477539,113.95043838034034,110.41317487532415,110.57837499064281,142675200
2020-10-01,113.49369049072266,114.3974422328623,112.56078666239473,114.31969839365316,116120400
2020-10-02,109.83009338378906,112.11377235625194,109.05267722245038,109.70376520376246,144712000
2020-10-05,113.2118911743164,113.35765904061498,110.3451552647116,110.69499517820351,106243800
2020-10-06,109.96614074707031,112.84259590260606,109.08182130955358,112.43444447771981,161498200
2020-10-07,111.83195495605469,112.2886907442599,110.9087635462189,111.38493900127487,96849000
2020-10-08,111.72505187988281,113.11469140834828,111.35577237395906,112.96892357253944,83477200
2020-10-09,113.66860961914062,113.69776170512303,111.67646638432409,112.02630624423392,100506900
2020-10-12,120.888916015625,121.64689998480601,115.91342104424781,116.67140501342882,240226800
2020-10-13,117.68203735351562,121.85095605169045,116.27296553538521,121.73434029707663,262330500
2020-10-14,117.76951599121094,119.55757997151946,116.2438282245555,117.58487620978688,150712000
2020-10-15,117.30304718017578,117.77921521072741,114.81530369020432,115.36921555833267,112559200
2020-10-16,115.66073608398438,118.11933473782237,115.45666408455465,117.85695115708421,115393800
2020-10-19,112.70655822753906,117.02123764921416,112.39559027449886,116.57422168009768,120639300
2020-10-20,114.19336700439453,115.62187849993559,112.36642390465587,112.9203357688391,124423700
2020-10-21,113.57142639160156,115.35949008406753,113.16327497131253,113.37706680716391,89946000
2020-10-22,112.4830551147461,114.7084227103753,111.35579156521386,114.13507110113078,101988000
2020-10-23,111.7930908203125,113.26047437917072,111.05453912383231,113.10498668978074,82572600
2020-10-26,111.80281829833984,113.26048212275595,109.6940589976644,110.79217049039062,111850700
2020-10-27,113.30905151367188,113.96985932342135,111.30719583151641,112.23037983284465,92276800
2020-10-28,108.06144714355469,112.17206132266384,107.9642710633188,111.8027892521436,143937800
2020-10-29,112.06517028808594,113.62972971438177,109.03322751995996,109.19843501901767,146129200
2020-10-30,105.78751373291016,108.82916930496091,104.67968991872881,107.92541751822762,190272600
2020-11-02,105.70004272460938,107.55613792475565,104.29097088393719,106.03045032760409,122866900
2020-11-03,107.32291412353516,108.34327419283329,105.6611785129121,106.56493023946784,107624400
2020-11-04,111.70564270019531,112.32757871625803,109.17902670818275,110.91850655169202,138235500
2020-11-05,115.67046356201172,116.24381509607197,113.57143184766637,114.62094399780884,126387100
2020-11-06,115.53903198242188,116.0354872054746,113.0469895592518,115.17885203220214,114457900
2020-11-09,113.23196411132812,118.7514365224502,112.9691352746871,117.30099476626944,154515300
2020-11-10,112.89126586914062,114.46825386220857,111.10010975217423,112.48241768033425,138023400
2020-11-11,116.31781768798828,116.45410042104282,113.34879251575485,114.07888176862647,112295000
2020-11-12,116.04524993896484,117.33020670166636,115.42224104958544,116.44436895423854,103162300
2020-11-13,116.09391021728516,116.4930217530796,114.74081226781846,116.26913190849635,81581900
2020-11-16,117.1063232421875,117.77800032814827,115.01339915844956,115.76295421656155,91183000
2020-11-17,116.22047424316406,117.46649204968942,115.80188944001708,116.3762301824057,74271000
2020-11-18,114.89656066894531,116.63904097831926,114.86735829157409,115.46116472095827,76322100
2020-11-19,115.49039459228516,115.89924282651538,113.70897488004306,114.46826657985704,74113000
2020-11-20,114.22489166259766,115.61692877725572,114.17622350270929,115.49038264932382,73604300
2020-11-23,110.8275375366211,114.49745669006192,110.7301937966756,114.06913532208017,127959300
2020-11-24,112.11251068115234,112.77445860760254,109.60100171666315,110.885966009348,113874200
2020-11-25,112.94966888427734,113.6505557267342,112.11249931432629,112.48241594054053,76499200
2020-11-27,113.49479675292969,114.37090528252364,113.13462416571154,113.47533097531714,46691300
2020-11-30,115.88949584960938,117.75852242774822,113.7089574149293,113.86471334319992,169410200
2020-12-01,119.46207427978516,120.19216354656007,116.82401928706074,117.79747164276061,127728200
2020-12-02,119.81251525878906,120.0948173273605,117.68065226704212,118.78065073270163,89004200
2020-12-03,119.6762466430664,120.49394313661075,118.96562308637428,120.24084341995774,78967600
2020-12-04,119.0045394897461,119.59834596601074,118.29391606792319,119.3452462973935,78260400
2020-12-07,120.46471405029297,121.2629445857138,119.00453569816821,119.06294045566084,86712000
2020-12-08,121.0780029296875,121.66208029231422,119.82224848300353,121.06827375333532,82225500
2020-12-09,118.54702758789062,122.60632215950014,117.78773593298261,121.2240215863675,115089200
2020-12-10,119.96826171875,120.58154143292921,116.96029761781081,117.30100444410381,81312200
2020-12-11,119.16029357910156,119.50100038149354,117.3496717985599,119.17975935630199,86939800
2020-12-14,118.54702758789062,120.07534750085607,118.31340110026942,119.34525822854418,79184500
2020-12-15,124.4850845336914,124.50455773983639,120.83463820097641,121.0390623043862,157243700
2020-12-16,124.41693878173828,124.9620697049553,123.20012338037756,124.0275637947843,98208600
2020-12-17,125.28329467773438,126.13993736355808,124.6408126633666,125.4779821462302,94359800
2020-12-18,123.29747772216797,125.67270382324948,122.77181256405065,125.53642108894336,192541500
2020-12-21,124.8257827758789,124.90366074139115,120.17268202586978,121.70100182150271,121251600
2020-12-22,128.37889099121094,130.84172406271304,126.20808171972651,128.11605471749206,168904800
2020-12-23,127.48335266113281,128.91431424621467,127.30812347796113,128.65149275201784,88223700
2020-12-24,128.46653747558594,129.91698715927026,127.61963848875611,127.83379924349359,54930100
2020-12-28,133.0611572265625,133.69389508969545,129.9655721200734,130.43283977814272,124486200
2020-12-29,131.28955078125,135.10548328882498,130.77362207829398,134.3851378526945,121047300
2020-12-30,130.17001342773438,132.37975381009915,129.8585016321147,131.98063489209892,96452100
2020-12-31,129.16737365722656,131.16295362039511,128.22312384324488,130.52047160916396,99116600
2021-01-04,125.97444915771484,130.06294530983888,123.39479941625174,129.97533817923727,143301900
2021-01-05,127.53199005126953,128.24262097829288,125.02048114625119,125.46827577350281,97664900
2021-01-06,123.23904418945312,127.57091083555537,123.02488352210123,124.32931330194879,155088000
2021-01-07,127.44436645507812,128.13552408640413,124.46560495444153,124.95233107817177,109578200
2021-01-08,128.5443878173828,129.10899197173987,126.77269738263777,128.91428961570313,105158200
2021-01-11,125.55584716796875,126.71425753866168,125.0885943209809,125.76027864373229,100384500
2021-01-12,125.38068389892578,126.24705602237135,123.49218368847659,125.088645180681,91951100
2021-01-13,127.41517639160156,127.96030732627808,125.07889671335819,125.34171815091041,88636800
2021-01-14,125.48775482177734,127.52226681135943,125.34172804679318,127.32757929841898,90221800
2021-01-15,123.76472473144531,126.76295959555424,123.6284420036996,125.36118590805361,111598500
2021-01-19,124.4364013671875,125.29304408982054,123.57002946950722,124.38772578454656,90757300
2021-01-20,128.52493286132812,128.97272754861257,125.13732230785592,125.24440267739962,104319500
2021-01-21,133.23643493652344,135.96210482573608,130.0435120203248,130.24794357484075,120150900
2021-01-22,135.37802124023438,136.13731286135894,131.43553637442392,132.66208095000118,114459400
2021-01-25,139.12579345703125,141.23818305206848,132.91516336360118,139.27182020640586,157611700
2021-01-26,139.35940551757812,140.46914031198884,137.6169179490498,139.78772681607,98390600
2021-01-27,138.2886199951172,140.46915831522645,136.68242977361535,139.62224478331817,140843800
2021-01-28,133.45057678222656,138.22050212672593,133.07093096645877,135.81607367562873,142621100
2021-01-29,128.456787109375,133.10988846080656,126.7532453845792,132.22404319902353,177523800
2021-02-01,130.5789031982422,131.78598951100426,127.45411448597895,130.19925735971532,106239800
2021-02-02,131.4063262939453,132.69127555683025,131.0364096809211,132.12667146199954,83305400
2021-02-03,130.3842315673828,132.16565144314657,130.0629904566346,132.1559074116743,89880900
2021-02-04,133.74261474609375,133.75234392204015,131.01694525702797,132.68155527349182,84183100
2021-02-05,133.32827758789062,133.97171978594034,132.45086722756864,133.90348403057772,75693800
2021-02-08,133.47450256347656,133.52325088194496,131.53443254526087,132.6165797613071,71297200
2021-02-09,132.59707641601562,134.42016235628924,132.44110262440083,133.19177019449774,76774200
2021-02-10,131.9926300048828,133.55248682280848,131.0274669252529,133.0552748381974,73046600
2021-02-11,131.7391815185547,132.9675589258699,130.4133074654321,132.4898491628531,64280000
2021-02-12,131.97314453125,132.1291332081116,130.33530805190028,130.9787501870301,60145100
2021-02-16,129.8478546142578,132.5970843838598,129.4578829220419,132.0901434978276,80576300
2021-02-17,127.55681610107422,128.90219239259375,126.22119839919687,127.95653150303275,97918500
2021-02-18,126.4551773071289,126.73789375549589,124.21288851935199,125.9579652802824,96856700
2021-02-19,126.61113739013672,127.43007038216886,125.56799488227544,126.97186301044856,87668800
2021-02-22,122.8382797241211,126.46493488700048,122.44831544375612,124.79783740249141,103916400
2021-02-23,122.7018051147461,123.53047464131258,115.41924807085041,120.65450174383162,158273000
2021-02-24,122.20458984375,122.40931941932189,119.16288479188184,121.80488184514299,111039900
2021-02-25,117.9540023803711,123.28674515580227,117.51529718125303,121.55141178976116,148199500
2021-02-26,118.21720886230469,121.71712094720249,118.15870939243611,119.51382934353043,164560400
2021-03-01,124.58336639404297,124.71985277897572,119.70883139515851,120.64474122239031,116307900
2021-03-02,121.98035430908203,125.49001767022227,121.87311395477933,125.18779891061432,102260900
2021-03-03,118.99714660644531,122.55555866097826,118.78266587535208,121.67814086921052,112966300
2021-03-04,117.11557006835938,120.49849839926789,115.64346591859298,118.69492201638303,178155000
2021-03-05,118.37318420410156,118.8801399153452,114.61979443770963,117.94423026145166,153766600
2021-03-08,113.44017028808594,117.96373782106434,113.29393276187487,117.89549463389245,154376600
2021-03-09,118.05148315429688,118.99714411910483,115.80920155325997,116.04317714685729,129525800
2021-03-10,116.96932220458984,119.10436305827703,116.45261534799565,118.63641195525601,111943300
2021-03-11,118.899658203125,120.11829196722469,118.21722627040926,119.4651060547753,103026500
2021-03-12,117.99297332763672,118.12945968982199,116.16990230218398,117.37878469780301,88105100
2021-03-15,120.87871551513672,120.88846666765528,117.39829786101335,118.36346113570012,92403800
2021-03-16,122.4190673828125,124.02766536377307,121.59039794957519,122.54580261068884,115227900
2021-03-17,121.62939453125,122.70179070070945,119.27011403289939,120.93721148152662,111932600
2021-03-18,117.50553894042969,120.08904396527872,117.30080936399335,119.79656889154106,121229700
2021-03-19,116.97906494140625,118.38293311465428,116.67684621331203,116.89132689955255,185549500
2021-03-22,120.29377746582031,120.76173611147584,117.24232114898952,117.31056434336112,111912300
2021-03-23,119.4651107788086,121.12244978834059,119.07514647128622,120.23528824072892,95467100
2021-03-24,117.07658386230469,119.8160777258849,117.05708899403655,119.73808337691133,88530500
2021-03-25,117.56402587890625,118.60718345893137,116.0139273940255,116.5403780411406,98844700
2021-03-26,118.16848754882812,118.43171662851978,115.93594941899356,117.33006685594874,94071200
2021-03-29,118.34396362304688,119.50410536738507,117.70052885181629,118.59744153314395,80819200
2021-03-30,116.89134216308594,117.37879562712054,115.87743806534003,117.09607172542653,85671900
2021-03-31,119.08488464355469,120.42050239594532,118.10997769999379,118.59743117177423,118323800
2021-04-01,119.9135513305664,121.06394179532072,119.41634671803331,120.55699346889742,75089100
2021-04-05,122.74078369140625,122.99426157524732,119.98179530076379,120.7617238181442,88651200
2021-04-06,123.04300689697266,123.93991951774667,122.49706137788411,123.32573080877205,80171300
2021-04-07,124.69058990478516,124.71008476944755,121.9998448664795,122.6725329855432,83466700
2021-04-08,127.08889770507812,127.11814372974433,125.29507210467128,125.71427504215544,88844600
2021-04-09,129.66259765625,129.70158738082736,126.22117802130997,126.54289903368493,106686700
2021-04-12,127.94680786132812,129.51640882237047,127.35211395991703,129.19468770758402,91420000
2021-04-13,131.0567169189453,131.28095619861375,128.619449864356,129.11666186406666,91266500
2021-04-14,128.7169952392578,131.61247078663607,128.35628433887234,131.55397873531984,87222800
2021-04-15,131.12496948242188,131.61242290057214,130.2865490081675,130.46203997416845,89347100
2021-04-16,130.79351806640625,131.29071524829968,129.9355952026849,130.93000444237106,84922400
2021-04-19,131.45645141601562,132.07064756343885,129.99409097045535,130.15982336917756,94264200
2021-04-20,129.7698516845703,132.12912448166279,128.5024698015972,131.63192734239016,94812300
2021-04-21,130.15008544921875,130.3938122009963,128.00529300875627,129.03869205614907,68847100
2021-04-22,128.62921142578125,130.78374722132708,128.11251198833915,129.701600029045,84566500
2021-04-23,130.94949340820312,131.72940697661994,128.84369107132306,128.84369107132306,78657500
2021-04-26,131.3394775390625,131.67094236224486,130.20858180313348,131.44671790843336,66905100
2021-04-27,131.01776123046875,132.01217061234453,130.744788439507,131.6221988567553,66015800
2021-04-28,130.22804260253906,131.63191067198548,129.7405892381977,130.9397203492265,107760100
2021-04-29,130.1305694580078,133.630496551131,129.12641653636294,133.0455464580238,151101000
2021-04-30,128.1613006591797,130.20859675143018,127.78108746519726,128.4732632121358,109839500
2021-05-03,129.21417236328125,130.70579381831388,128.52199669631204,128.72671884393358,75135100
2021-05-04,124.64185333251953,128.19052150938094,123.52070884107249,127.89804644623831,137564700
2021-05-05,124.8855972290039,127.17661983745883,124.75885455406909,125.95798604278042,84000900
2021-05-06,126.48445892333984,126.4942026395093,123.93994323032072,124.68087474651954,78128300
2021-05-07,127.1582260131836,128.18360484895004,126.44532456778545,127.78322549740948,78973300
2021-05-10,123.87699890136719,126.50394796231055,123.83793549239249,126.3770049216638,88071200
2021-05-11,122.95902252197266,123.31057826628059,119.89260855529714,120.60550265898722,126142800
2021-05-12,119.89261627197266,121.71879146016067,119.3848068747701,120.50785562792139,112172300
2021-05-13,122.04106903076172,123.19341357180042,121.34771025318693,121.66021008886267,105861300
2021-05-14,124.46294403076172,124.89263410961189,122.90044481301196,123.29107148009538,81918000
2021-05-17,123.31059265136719,123.95512773405065,122.23637496414497,123.84770522027007,74244600
2021-05-18,121.92387390136719,124.01371786549493,121.8555147978895,123.59379552967953,63342900
2021-05-19,121.76762390136719,121.99222918408067,119.98051210138631,120.27348393601976,92612000
2021-05-20,124.32624053955078,124.72663496964293,122.16803707527157,122.29499504119585,76857100
2021-05-21,122.49030303955078,125.00006976732445,122.27545797754463,124.82428812119076,79295400
2021-05-24,124.12113952636719,124.94145621305331,122.98833046928489,123.05668957229345,63092900
2021-05-25,123.92582702636719,125.31255193436976,123.35941878581565,124.8242630592938,72009500
2021-05-26,123.87699890136719,124.40434374665045,123.45707656811848,123.98442141340175,56575900
2021-05-27,122.34380340576172,124.6484925303121,122.14849379883397,123.4766199875777,94625600
2021-05-28,121.68949127197266,122.85160338976284,121.63089988807833,122.62699066719642,71311100
2021-06-01,121.36724090576172,122.41216295280358,121.0352130826755,122.14849423744593,67637100
2021-06-02,122.12894439697266,122.30472600333286,121.14262130905783,121.36722658627286,59278900
2021-06-03,120.64457702636719,121.92387199310579,120.24418267613345,121.7578580944845,76229200
2021-06-04,122.93949890136719,123.20317504815017,120.94730975584969,121.16215477898149,75169300
2021-06-07,122.94927215576172,123.35942679081123,121.90435013756394,123.21294086384106,71057600
2021-06-08,123.76957702636719,125.44927381859075,123.25199989330952,123.63285881954378,74403800
2021-06-09,124.15044403076172,124.75591573650723,123.55474004059155,124.22857085419675,56877900
2021-06-10,123.15433502197266,125.18558742946014,122.9883211344928,124.04300329363414,71186400
2021-06-11,124.36528015136719,124.45317468407444,123.14457656242446,123.5644988950441,53522400
2021-06-14,127.42192077636719,127.4805121651489,124.09184522029778,124.82426738240325,96906500
2021-06-15,126.6015853881836,127.53909211859933,126.3574447178962,126.89455717276125,62746300
2021-06-16,127.09964752197266,127.8223093871763,125.44926884121655,127.3144925386233,91815000
2021-06-17,128.7012176513672,129.44341498990488,126.61137364763495,126.75786702289925,96721700
2021-06-18,127.40241241455078,128.42779161848907,127.18756736772201,127.64655315856818,108953300
2021-06-21,129.1992645263672,129.3066870329964,126.18168897810015,127.24613887941126,79663300
2021-06-22,130.83987426757812,130.93753650393603,128.5351855604838,129.03324210427792,74783600
2021-06-23,130.56643676757812,131.17191580570798,130.10745108272897,130.63480331267544,60214200
2021-06-24,130.2832794189453,131.4844477920528,129.8145184284701,131.29889842930257,68711000
2021-06-25,129.99026489257812,130.7519826258196,129.6972930949088,130.33206780671978,70783700
2021-06-28,131.6211395263672,132.08012525724726,130.22466180559726,130.28325319231956,62111300
2021-06-29,133.1348114013672,133.29106502927266,131.20122118482706,131.6406714747908,64556100
2021-06-30,133.7500457763672,134.18949604999602,132.68558101434905,132.97855283049014,63261400
2021-07-01,134.05282592773438,134.11141733174057,132.57820605478142,133.3985304143806,52485800
2021-07-02,136.67971801757812,136.71877396791402,134.52150795771541,134.66798639792978,78852600
2021-07-06,138.69146728515625,139.79497322979873,136.78717260963688,136.78717260963688,108181800
2021-07-07,141.1817169189453,141.49420932337944,139.31647805419703,140.17584334226723,104911600
2021-07-08,139.8828887939453,140.68366270138483,137.37311474377276,138.2617906456667,105575500
2021-07-09,141.7090606689453,142.2363981441266,139.3067090791504,139.40437134178396,99890800
2021-07-12,141.1133575439453,142.89070940744068,140.62507602995242,142.78328687831547,76299700
2021-07-13,142.2266387939453,144.00399065736747,140.26375247219565,140.65437172290618,100827100
2021-07-14,145.6543731689453,146.06454276359946,144.2188242911646,144.62899388581874,127050800
2021-07-15,145.00003051757812,146.4844100450272,143.6426089138741,145.74222773188504,106820300
2021-07-16,142.9590301513672,146.2500420755194,142.46098847923267,144.9805223346472,93251400
2021-07-19,139.1113739013672,140.69341583864048,138.3496560764886,140.38090857655365,121434600
2021-07-20,142.7246856689453,143.6524324995489,139.60946201556987,140.09774354697396,96350000
2021-07-21,141.99224853515625,142.7051502253578,141.24030578420624,142.11920648842988,74993500
2021-07-22,143.3594512939453,144.7266335326549,142.39264856010647,142.51960651840406,77338200
2021-07-23,145.0781707763672,145.23442440451626,143.47660834075452,144.09184768836266,71447400
2021-07-26,145.4980926513672,146.31840180292855,144.23831833181586,144.79496626398165,72434100
2021-07-27,143.33016967773438,145.71298601459037,142.13876150930636,145.6250840111189,104818600
2021-07-28,141.58206176757812,143.5254269831522,139.19924629956387,141.41604789004137,118931200
2021-07-29,142.2266387939453,143.1153147256564,141.1914843685101,141.29890689763087,56699500
2021-07-30,142.4414520263672,142.90043773904355,140.73246710930246,140.99614324026174,70440600
2021-08-02,142.10948181152344,143.5059600425786,141.845805573757,142.9297913277169,62880000
2021-08-03,143.90628051757812,144.57033600309364,141.77736607632247,142.3926053476169,64786600
2021-08-04,143.50592041015625,144.32622969980267,142.8516250314263,143.81842770211748,56368300
2021-08-05,143.6133270263672,144.37504483971543,142.7441867059485,143.53520021202812,46397700
2021-08-06,142.9287567138672,143.8774433777858,142.42996869486214,143.13414879433773,54126800
2021-08-09,142.8798065185547,143.47640294108896,142.3223394909196,142.9873899692901,48908700
2021-08-10,142.40060424804688,144.46423988872255,142.10719343722454,143.22214257955443,69023100
2021-08-11,142.65487670898438,143.4959796880464,142.33212632967644,142.84070404163072,48493500
2021-08-12,145.6182861328125,145.77477386971125,142.6353039384577,142.97761899748718,72282600
2021-08-13,145.8236846923828,146.15620995558572,145.01192130974562,145.69653653501413,59375000
2021-08-16,147.79928588867188,147.8677548726636,143.25147091055382,145.27597699148956,103296000
2021-08-17,146.88975524902344,148.3470047149868,145.8139204751284,146.92886973012176,92229700
2021-08-18,143.1438751220703,147.40806875624398,142.9384831112802,146.50828669516952,86326000
2021-08-19,143.47642517089844,144.74786207926644,141.32477074631083,141.8431233828503,86960300
2021-08-20,144.93368530273438,145.23687099584217,143.55466496618592,144.2001657522503,60549600
2021-08-23,146.42031860351562,146.8897670318289,144.64030363910405,145.05107287931523,60131800
2021-08-24,146.33226013183594,147.54501786684636,145.87258667150505,146.16599748585364,48606400
2021-08-25,145.0999298095703,147.01686722827083,144.55223766808206,146.51806444524348,58991300
2021-08-26,144.2979736328125,145.84325676235127,144.2686340417797,145.09018736118287,48597200
2021-08-27,145.33468627929688,145.48138422676655,143.60357588168407,144.23928688537814,55802400
2021-08-30,149.75534057617188,150.11722035437248,145.344448563989,145.7258781178275,90956700
2021-08-31,148.49371337890625,149.4423999461669,147.96557089636175,149.3054768809692,86453100
2021-09-01,149.1587677001953,151.57449356451917,148.9925050400125,149.47174324183015,80313700
2021-09-02,150.27369689941406,151.32019193818465,149.05116433458483,150.48886382470346,71115500
2021-09-03,150.90943908691406,151.23218950970838,149.7260208700016,150.38129660470707,57808700
2021-09-07,153.24691772460938,153.80438486222874,150.99745462583329,151.5647115758547,82278300
2021-09-08,151.70162963867188,153.58921285674052,150.59645536526742,153.53053367824012,74420200
2021-09-09,150.68447875976562,152.67964530991367,150.56710548729126,152.073273942186,57305700
2021-09-10,145.696533203125,152.0634770377577,145.4324620067416,151.59402874023678,140893200
2021-09-13,146.26380920410156,148.09271327265083,145.48138532354497,147.32007920432878,102404300
2021-09-14,144.86521911621094,147.7504080093713,143.68181590903453,147.04622803340942,109296300
2021-09-15,145.75521850585938,146.1562127610325,143.15366567640987,145.29554507646444,83281300
2021-09-16,145.5205078125,145.6965602839762,143.98501448007158,145.1782076058161,68034100
2021-09-17,142.85044860839844,145.5498094174723,142.55703787826133,145.5498094174723,129868800
2021-09-20,139.7990264892578,141.65726975585443,138.1657250042302,140.64012937196273,123478900
2021-09-21,140.27825927734375,141.42256280767091,139.642548359155,140.7672722677942,75834000
2021-09-22,142.64511108398438,143.21235308306478,140.54234603803783,141.27586560496235,76404300
2021-09-23,143.6035614013672,143.8480679048245,142.43970805715156,143.42750895866175,64838200
2021-09-24,143.6916046142578,144.22952199810462,142.36148841215257,142.4592969995775,53477900
2021-09-27,142.1756591796875,142.75270596031078,140.65973055901063,142.27346776582567,74150700
2021-09-28,138.7916717529297,141.5692619814985,138.57650484135823,140.10222299723426,108972300
2021-09-29,139.69146728515625,141.2758647647725,138.90904343372455,139.33937729818666,74602000
2021-09-30,138.39068603515625,141.20740583386313,138.17551911033874,140.5032258841864,89056700
2021-10-01,139.51539611816406,139.77946730384753,136.0531908135578,138.7818766539813,94639600
2021-10-04,136.08253479003906,139.08508172360442,135.23165695964403,138.64495809209728,98322000
2021-10-05,138.00924682617188,139.11442096062234,136.2977013587978,136.42484951189164,80861100
2021-10-06,138.87969970703125,139.02639764577518,135.32946035449564,136.4052949835953,83221100
2021-10-07,140.14134216308594,141.0509141240026,139.5838750906148,139.91640035654444,61732700
2021-10-08,139.75990295410156,141.01177498221017,139.42737771114903,140.86507705840515,58773200
2021-10-11,139.67189025878906,141.62794225299882,138.69386426168418,139.14376278668908,64452200
2021-10-12,138.40045166015625,140.10222224522562,137.94077825367475,140.0826575469626,73035900
2021-10-13,137.81365966796875,138.292882900144,136.14122849083293,138.13641006788947,78762700
2021-10-14,140.6010284423828,140.7184017237602,138.40046969110713,138.98729132751163,69907100
2021-10-15,141.65731811523438,141.7159973023287,140.35654141515744,140.6108377905611,67940300
2021-10-18,143.32972717285156,143.6133481739968,140.01421930853004,140.29784030967528,85589200
2021-10-19,145.4911346435547,145.89212886384934,143.32970565575582,143.7795892346543,76378900
2021-10-20,145.9801483154297,146.45938640466994,144.8651993263839,145.43245616972183,58418800
2021-10-21,146.1953582763672,146.351846056513,144.62073543195302,145.54008248593965,61421000
2021-10-22,145.42271423339844,146.8799636819581,145.37380993998815,146.40074040762428,58883400
2021-10-25,145.373779296875,146.08773407498782,144.3761886308666,145.4128937692613,50720600
2021-10-26,146.0388641357422,147.52545305998103,145.73566350958762,146.04863902426567,60893400
2021-10-27,145.5791778564453,146.43983059903536,145.22708789518356,146.07796575011088,56094900
2021-10-28,149.21739196777344,149.80419844844945,146.4300126832256,146.5278212250824,100077900
2021-10-29,146.50828552246094,146.64520855406127,143.19277825689716,143.98497686283406,124953200
2021-11-01,145.68678283691406,146.4105126416791,144.55226891374826,145.71612242772915,74588300
2021-11-02,146.7234649658203,148.23940825327995,145.38355919540496,145.39334900645795,69122000
2021-11-03,148.16119384765625,148.6306422432943,146.52789189067994,147.0853590623447,54511500
2021-11-04,147.64280700683594,149.08049145321388,147.32983153314007,148.24917833275668,60394600
2021-11-05,148.1717071533203,149.07280247570614,146.9767728258522,148.76917431705436,65463900
2021-11-08,147.34898376464844,148.45577097835087,147.07473798616405,148.29905483485294,55020900
2021-11-09,147.71136474609375,148.31862107112684,146.9767746966739,147.1138975747547,56787900
2021-11-10,144.8807373046875,147.0453357776248,144.8121833419343,146.93759531163658,65187100
2021-11-11,144.83177185058594,146.35971678839883,144.64567331029048,145.89938743250096,41000000
2021-11-12,146.90823364257812,147.3097982131486,144.449795829464,145.38027365145768,63804000
2021-11-15,146.91802978515625,148.75940720761815,146.35973409824072,147.2804228094717,59222800
2021-11-16,147.89744567871094,148.37738316750236,146.2715496426627,146.8592275903554,59256200
2021-11-17,150.33631896972656,151.8152883338415,147.88768528692268,147.89747444135526,88807000
2021-11-18,154.6262969970703,155.4098626732955,149.9053395784081,150.5517823821893,137827700
2021-11-19,157.25125122070312,157.71159552855715,153.31384424629613,154.41082730572364,117305600
2021-11-22,157.7115936279297,162.29542845267346,157.69200037488366,158.3580215257173,117467900
2021-11-23,158.0935821533203,158.47556839424874,155.79186060844827,157.8095322884944,96041900
2021-11-24,158.61270141601562,158.8085891260157,156.35995538782916,157.44714936539495,69463600
2021-11-26,153.58810424804688,157.15331446693773,153.14735315261942,156.29140553118123,76959800
2021-11-29,156.94761657714844,157.8780943084946,155.52739720558188,156.09548196515397,88748200
2021-11-30,161.90367126464844,162.11915223655976,156.63420649835714,156.70277541909022,174048100
2021-12-01,161.38453674316406,166.800912709941,161.14946255292463,164.0388470193993,152052500
2021-12-02,160.395263671875,160.8262255061017,154.55773049536117,155.4784189693417,136739200
2021-12-03,158.51473999023438,161.57064486360198,156.43830349501886,160.64995624545222,118023100
2021-12-06,161.92324829101562,164.43064668165096,160.9046083540242,160.91439750803002,107497000
2021-12-07,167.662841796875,168.05463216133037,164.881197462976,165.60599842826275,120405400
2021-12-08,171.4827117919922,172.3446356103418,167.19270089919112,168.59332710400926,116998900
2021-12-09,170.97337341308594,173.11837862863902,170.3465238704593,171.3161880617465,108923700
2021-12-10,175.76292419433594,175.93923359247646,171.1007310045987,171.61005099944745,115402700
2021-12-13,172.12913513183594,178.3878413686235,171.92344335477927,177.3985839315142,153237000
2021-12-14,170.7481231689453,174.08806304841983,168.67168661995763,171.64921855709608,139380400
2021-12-15,175.61599731445312,175.81188500506997,168.76961267963995,171.5120851840939,131063300
2021-12-16,168.7206268310547,177.4181772656769,167.2416576691539,175.5963934569458,150185800
2021-12-17,167.62364196777344,169.90577001560484,166.20343763112896,166.43849686489142,195432700
2021-12-20,166.26220703125,167.07515510943043,164.01926542394992,164.82240940360504,107499100
2021-12-21,169.43565368652344,169.6413305368034,165.64515876193008,168.03502751462352,91185900
2021-12-22,172.03121948242188,172.24670045723798,168.61292124127107,169.48463429565436,92135300
2021-12-23,172.65806579589844,173.2163614776015,171.66882311821325,172.23690795484498,68356600
2021-12-27,176.62484741210938,176.71299463822913,173.43183445537653,173.4514127643316,74919600
2021-12-28,175.606201171875,177.6042945644057,174.86182193569553,176.45833582983963,79144300
2021-12-29,175.69432067871094,176.91863718484473,174.47979332432905,175.6453450294116,62348900
2021-12-30,174.53860473632812,176.85991961465393,174.4308642572052,175.78251482342475,59773000
2021-12-31,173.92153930664062,175.54742051646397,173.61789621276182,174.43084429030958,64062300
2022-01-03,178.27029418945312,179.12242874444533,174.0586568508519,174.1761864672901,104487900
2022-01-04,176.00782775878906,179.18126314255593,175.439742816587,178.87763488532048,99310400
2022-01-05,171.3260040283203,176.46813489136744,171.05175824457976,175.9196433238863,94537600
2022-01-06,168.46600341796875,171.69820298422886,168.11339955718992,169.15161788468467,96904000
2022-01-07,168.63247680664062,170.56200104833394,167.51590061636946,169.33768439473522,86709100
2022-01-10,168.652099609375,168.95572780142643,164.7146923768041,165.60599864366586,106765600
2022-01-11,171.4827117919922,171.58064816981238,167.31024547595837,168.77942565072325,76138300
2022-01-12,171.92344665527344,173.5395387171234,171.22804314076478,172.5013205493631,74805200
2022-01-13,168.652099609375,172.9910714162829,168.26030924441002,172.16833406776786,84505800
2022-01-14,169.51402282714844,170.20942643626557,167.57469415475944,167.8195575274604,80440800
2022-01-18,166.31118774414062,168.99488045377709,165.92920152184269,167.98604466295757,90956700
2022-01-19,162.81454467773438,167.56489994287205,162.53050974989438,166.50708841129685,94815000
2022-01-20,161.1298370361328,166.19360817621785,160.80661569375258,163.5490875829706,91420500
2022-01-21,159.07302856445312,162.9124840575923,158.96528809380473,161.0417244969125,122848900
2022-01-24,158.2992706298828,158.96530678454897,151.52145417153005,156.73215398969816,162294600
2022-01-25,156.4970703125,159.41583739515477,153.79378418345803,155.71350456711474,115798400
2022-01-26,156.40890502929688,161.01233270214277,154.57733208034693,160.14061983418955,108275300
2022-01-27,155.94857788085938,160.47364799025604,155.02788925620197,159.11220830674253,121954600
2022-01-28,166.830322265625,166.849915520985,159.45503834907882,162.3052517203285,179935700
2022-01-31,171.1888885498047,171.40436952425716,166.0271642085972,166.66381797685227,115541600
2022-02-01,171.0223388671875,171.2476089382928,168.7695933203212,170.43466091747592,86213900
2022-02-02,172.22711181640625,172.26629832848187,169.76868874093756,171.1595110141142,84914300
2022-02-03,169.3474884033203,172.618874147118,168.58351594007854,170.89502658265624,89418100
2022-02-04,169.06309509277344,170.74010088602927,167.3860892995176,168.3667905913057,82465400
2022-02-07,168.34719848632812,170.59299800892276,167.65089393875687,169.52403712153145,77251200
2022-02-08,171.45602416992188,171.96599307785382,168.12163049721661,168.4158439042664,74829200
2022-02-09,172.8780517578125,173.24090650856255,171.52467895767091,172.65249461256113,71285000
2022-02-10,168.79830932617188,172.09346641687537,168.23931734555768,170.77933021680633,90865900
2022-02-11,165.385498046875,169.73981504022757,164.79707116938303,169.00428892552117,98670700
2022-02-14,165.62083435058594,166.30732224292808,163.34560023389338,164.13996586391173,86185500
2022-02-15,169.45535278320312,169.61226856573026,166.96437833391397,167.67048439097334,62527400
2022-02-16,169.22003173828125,169.99477926994211,166.76827820676257,168.5335437423192,61177400
2022-02-17,165.62083435058594,168.5923579851135,165.2187432406735,167.72933608370406,69589300
2022-02-18,164.07130432128906,167.24876644947375,162.98272545329306,166.54267539323084,82772700
2022-02-22,161.14886474609375,163.47312232621292,159.02072949307376,161.79611631133258,91162800
2022-02-23,156.98086547851562,162.94351625967545,156.6670338772365,162.34528786351217,90009200
2022-02-24,159.59934997558594,159.70722772731528,149.0666116347653,149.63542023803691,141147500
2022-02-25,161.66864013671875,161.9334187541049,157.76543758855004,160.67812209433018,91974200
2022-02-28,161.93341064453125,162.22762405787608,159.29532147992174,159.9131681515143,95056600
2022-03-01,160.05047607421875,163.38487003337303,158.8442174624351,161.52152827152648,83474400
2022-03-02,163.34561157226562,164.13017563125035,159.80527916281847,161.21749147612806,79724800
2022-03-03,163.02198791503906,165.6502754224143,162.35511815252505,165.21876441640376,76678400
2022-03-04,160.0210418701172,162.35511593567728,158.97169917829748,161.31557487047283,83737200
2022-03-07,156.22572326660156,161.83533601406552,155.97073134624392,160.2073682314536,96418800
2022-03-08,154.401611328125,159.73662866525098,152.7932618336368,155.75498387793954,131148300
2022-03-09,159.80528259277344,160.2564117997747,156.33360638496927,158.36365040568722,91454900
2022-03-10,155.4607696533203,157.29467624132576,152.96978004521466,157.10834060556428,105342000
2022-03-11,151.743896484375,156.20609005481433,151.51833939243923,155.8628386400447,96970100
2022-03-14,147.71322631835938,151.1456808985897,147.20327241217439,148.527210200246,108732100
2022-03-15,152.0969696044922,152.56771702935066,147.4778746009712,147.98782853142856,92964300
2022-03-16,156.51010131835938,156.9121924028267,151.47911432517643,154.01912684826212,102300200
2022-03-17,157.520263671875,157.8929350151505,154.5879758844706,155.54905912498893,75615400
2022-03-18,160.81541442871094,161.30576513800085,156.6768532451588,157.41237930909367,123511700
2022-03-21,162.1884002685547,163.13968181166422,159.8641278042269,160.35447849802293,95811400
2022-03-22,165.56202697753906,166.1504388725233,161.72748069331104,162.31589258829527,81532000
2022-03-23,166.9251708984375,169.30826781804822,164.41456305995604,164.74801286692667,98062700
2022-03-24,170.71067810058594,170.77931940838405,166.9251705809909,167.75875768604743,90131400
2022-03-25,171.34817504882812,171.89736551944648,169.41619180905553,170.52438934290058,80546200
2022-03-28,172.21115112304688,172.33863211398676,168.68062052174977,168.84733794398963,90371900
2022-03-29,175.50631713867188,175.55534023387025,172.93686947046768,173.28012092274494,100589400
2022-03-30,174.33924865722656,176.14373519247044,173.28989123764686,175.10419436160848,92633200
2022-03-31,171.24024963378906,174.59424618696573,171.0342957824536,174.40791055107027,103049300
2022-04-01,170.94607543945312,171.5050824752612,168.6218176816175,170.6714802176125,78751300
2022-04-04,174.99635314941406,175.0453912102986,171.0735477076942,171.20104367313095,76468400
2022-04-05,171.6815948486328,174.85907295980758,171.0539465140656,174.07450880051937,73401800
2022-04-06,168.51390075683594,170.27916603294383,166.8467115933005,169.0336712319797,89058800
2022-04-07,168.81793212890625,170.01438898962488,166.57213259059588,167.85684898260146,77594700
2022-04-08,166.8074951171875,168.46488285345913,165.9346714824091,168.46488285345913,76575500
2022-04-11,162.55120849609375,165.76790693012344,162.3060332193274,165.45409035730438,72246700
2022-04-12,164.42442321777344,166.59176523364118,163.42410346043255,164.7774763695221,79265200
2022-04-13,167.1114959716797,167.73914420674996,163.55156041909547,164.1595904381064,70618900
2022-04-14,162.10009765625,167.96470171120438,161.85492235187505,167.32723694124167,75329400
2022-04-18,161.8843994140625,163.3848714713772,160.41334720380755,160.75658374094354,69023900
2022-04-19,164.16937255859375,164.58128022532864,160.74673499644868,161.8353139115337,67723800
2022-04-20,164.00267028808594,165.62083637298807,162.89448802131358,165.50314204406817,67929800
2022-04-21,163.20831298828125,168.21969736612456,162.70816069883412,165.65026467883652,87227800
2022-04-22,158.6676483154297,164.63031369845396,158.38325153783305,163.2475363117759,84882400
2022-04-25,159.73663330078125,160.0210300948507,155.40193532965264,158.01058942731927,96046400
2022-04-26,153.7739715576172,159.207050342252,153.69551365548884,159.1187908139756,95623200
2022-04-27,153.54840087890625,156.70624511583344,152.38136400484169,152.9011344667558,88063200
2022-04-28,160.4819793701172,161.34500140614668,155.86286910913438,156.17670074562366,130216800
2022-04-29,154.60755920410156,162.9925585964128,154.21528465651994,158.7167001847882,131747600
2022-05-02,154.91162109375,155.17639973396098,150.31212849909627,153.68574417467673,123055300
2022-05-03,156.40225219726562,157.60852567132414,153.30324720330452,155.09791756360522,88966500
2022-05-04,162.81602478027344,163.267138972668,156.18647479117334,156.58856589280018,108256500
2022-05-05,153.7445831298828,160.913508923705,151.95969916146092,160.687951761694,130525300
2022-05-06,154.47134399414062,156.59277501720737,151.4266967858706,153.22401904266582,116124600
2022-05-09,149.34451293945312,153.04719254546444,148.78469978176747,152.16325573701113,131577900
2022-05-10,151.7508087158203,153.94099694086412,150.19902200842762,152.74278207802044,115366700
2022-05-11,143.88385009765625,152.67402087769284,143.20616949802272,150.7588463480562,142689800
2022-05-12,140.01416015625,143.58915641213457,136.32131165679368,140.22041656879802,182602000
2022-05-13,144.4829559326172,145.45528221531998,140.55438668965164,142.00795311338425,113990900
2022-05-16,142.9409942626953,144.88564694988057,141.60528003698874,142.9508252776519,86643800
2022-05-17,146.5749053955078,147.0954395557584,144.06060880808,146.2016865687997,78336300
2022-05-18,138.30528259277344,144.72848648816108,137.40169851030006,144.22759932213285,109742900
2022-05-19,134.89723205566406,139.13026237954173,134.160625433561,137.38205052865445,136095600
2022-05-20,135.13291931152344,138.18738164689086,130.24185616207308,136.60613236743123,137426100
2022-05-23,140.5543670654297,140.70168239695178,135.19186420352216,135.3293635083762,117726300
2022-05-24,137.85345458984375,139.43470384222053,134.87756546678344,138.29541550178678,104132700
2022-05-25,138.01065063476562,139.257960660006,135.86957246588344,135.9579616828589,92482700
2022-05-26,141.21238708496094,141.76238425203672,134.6909642722216,134.93649979225893,90601500
2022-05-27,146.96775817871094,147.00703727273068,142.66597054796807,142.79365382955837,90978500
2022-05-31,146.1820526123047,147.9695587462053,144.21776806233134,146.40795612568894,103718400
2022-06-01,146.05433654785156,149.03022546904907,145.04271654801474,147.22307288441843,74286600
2022-06-02,148.50973510742188,148.5686612441736,144.23741035730646,145.19008953159607,72348100
2022-06-03,142.78382873535156,145.32757327458623,141.8802597672709,144.27667399411106,88570300
2022-06-06,143.53028869628906,145.91690250386964,142.3124267340464,144.4043948265017,71598400
2022-06-07,146.05433654785156,146.3391511204913,141.52666154124893,141.77219702970612,67808200
2022-06-08,145.31773376464844,147.19361355440824,144.8266627752909,145.92665699583665,53950200
2022-06-09,140.09275817871094,145.30793069054988,139.98472194082933,144.45347180040457,69473000
2022-06-10,134.68115234375,138.24631801246798,134.61239520262438,137.77489399581836,91437900
2022-06-13,129.52493286132812,132.78563754326257,129.09278784637604,130.49724415866797,122207100
2022-06-14,130.3892059326172,131.49903152365633,129.1320649915738,130.75260877313121,84784300
2022-06-15,133.01153564453125,134.88743119148035,129.79994084447466,131.89189392813557,91533000
2022-06-16,127.73743438720703,130.02582791022192,126.73564497252207,129.72136617299006,108123900
2022-06-17,129.21060180664062,130.70346187381926,127.49185327093232,127.74721978746823,134520300
2022-06-21,133.4436492919922,134.61240084976376,130.93919879539584,131.0374040187389,81000500
2022-06-22,132.9329833984375,135.29993525630434,131.51869590671203,132.38297105119662,73409200
2022-06-23,135.80081176757812,136.11508949160935,133.20795685254018,134.37670851634957,72433800
2022-06-24,139.1302490234375,139.37578454056782,137.2740011133842,137.4016693916089,89116800
2022-06-27,139.1302490234375,140.9275708071873,138.45256859835,140.15167018072825,70207900
2022-06-28,134.98562622070312,140.85883237422544,134.86777395244602,139.59187553155968,67083400
2022-06-29,136.74365234375,138.15793948922365,134.2293707457082,135.00527146488074,66242400
2022-06-30,134.2784881591797,135.89901685954254,131.38117155043633,134.7990223471169,98964500
2022-07-01,136.4490203857422,136.5570566364842,133.23742590571564,133.61062978312276,71051600
2022-07-05,139.0320587158203,139.08116882706545,134.4847351652157,135.30974606974897,73353800
2022-07-06,140.36778259277344,141.54635041323854,138.56064426897342,138.8258268991265,74064300
2022-07-07,143.73654174804688,143.93296722465507,140.72135748073458,140.73117350935885,66253700
2022-07-08,144.41419982910156,144.91510200246088,142.41063609457171,142.66598770215515,64547800
2022-07-11,142.28294372558594,144.02133971358117,141.2124122640522,143.06866052706354,63141600
2022-07-12,143.25527954101562,145.79902455570198,142.45974665881124,143.15705931439427,77588800
2022-07-13,142.8918914794922,143.8347397140172,139.5820616716197,140.43653568039218,71185600
2022-07-14,145.8186492919922,146.29007333779407,140.69186596170863,141.5070457617974,78140700
2022-07-15,147.48831176757812,148.16599237248846,145.5534901802815,147.10527685866828,76259900
2022-07-18,144.44366455078125,148.86330457327466,144.08026173602485,148.0481247263253,81420900
2022-07-19,148.30345153808594,148.52934001645056,144.2864940964481,145.27845218517842,82982400
2022-07-20,150.30703735351562,150.97490184976564,147.6847194489196,148.42132610705224,64823400
2022-07-21,152.57577514648438,152.79184759877373,149.22666712229798,151.74094840024839,65086600
2022-07-22,151.3383026123047,153.48919663577172,150.6704530452512,152.61509059283281,66675400
2022-07-25,150.21865844726562,152.27133221190695,149.56062491925485,151.2597268643066,53623900
2022-07-26,148.89276123046875,150.3561434947877,148.1070444852617,149.54096368293668,55138700
2022-07-27,153.99005126953125,154.52041638898598,149.44274359614147,149.85524147444016,78620700
2022-07-28,154.54006958007812,154.82488420275592,151.65256933071927,154.17666680263463,81378700
2022-07-29,159.60791015625,160.7079195187844,156.6516677769687,158.36060045687617,101786900
2022-08-01,158.62574768066406,160.66860482170765,158.01682444143958,158.13467668482562,67829400
2022-08-02,157.15255737304688,159.50970748502837,156.77935355303202,157.24096155464215,59907000
2022-08-03,163.1632843017578,163.61506130985597,157.8793546055034,157.96774380452692,82507500
2022-08-04,162.8489990234375,164.20436008201335,161.49363796486168,163.0454244700845,55474100
2022-08-05,162.62278747558594,163.11454067024195,160.31154145785612,160.51808440274291,56697000
2022-08-08,162.15069580078125,165.04220702567798,161.49174831186727,163.62595540473944,60276900
2022-08-09,162.19989013671875,163.08505499075815,160.55743608300256,161.31474028979756,63135500
2022-08-10,166.4486083984375,166.54695002226822,164.14719229549797,164.91432599410618,70170500
2022-08-11,165.71099853515625,168.16976453213817,165.41594361409508,167.25509577756023,57149200
2022-08-12,169.261474609375,169.33031226065586,166.60599505436244,167.0190809905204,68039400
2022-08-15,170.33348083496094,170.5301791193321,168.52383260735886,168.6910268994302,54091700
2022-08-16,170.17611694335938,170.84490912166515,168.82871793209483,169.93024033504878,56377100
2022-08-17,171.67103576660156,173.24463691658173,169.72369740271,169.92039567056804,79542000
2022-08-18,171.2776336669922,172.01526346746522,170.26462327491188,170.8842371095866,62290100
2022-08-19,168.6910400390625,170.8744256820194,168.48449706975865,170.1761294599256,70346300
2022-08-22,164.80616760253906,167.05839055907853,164.38325206492678,166.89119627908354,69026800
2022-08-23,164.47178649902344,165.92738691269662,163.90135093265715,164.32426652803133,54147100
2022-08-24,164.766845703125,165.33728128422243,163.5079585610888,164.5603177384026,53841500
2022-08-25,167.22560119628906,167.33378750652878,165.57331755675585,165.9962181286182,51218200
2022-08-26,160.92135620117188,168.22881854744674,160.8623482022366,167.75673954884368,78961000
2022-08-29,158.71832275390625,160.2132421959372,157.18405463822498,158.49210539822155,73314000
2022-08-30,156.28900146484375,159.87879372642644,155.11862647886383,159.4558931891013,77906200
2022-08-31,154.6268768310547,157.9314589229971,154.54819451849457,157.66590799399623,87991100
2022-09-01,155.3546905517578,155.8070951296429,152.11894582091065,154.05645479166745,74229900
2022-09-02,153.24014282226562,157.71510032446895,152.41400097767612,157.11516076913463,76957800
2022-09-06,151.9812469482422,154.4990209999667,151.15510515135455,153.88925181756636,73714800
2022-09-07,153.38766479492188,154.0859459351541,151.07641875135508,152.26646809885722,87449600
2022-09-08,151.91241455078125,153.78107082360773,150.1617592438652,152.08943851032333,84923800
2022-09-09,154.7744140625,155.21700399593914,152.19763181879884,152.9057577037595,68028800
2022-09-12,160.7344512939453,161.5507634451195,156.67257987610813,156.9577901423654,104956000
2022-09-13,151.30262756347656,157.89211772902357,150.8403783347764,157.26267420589616,122656600
2022-09-14,152.74838256835938,154.50886749732993,151.07642462426648,152.23695501832623,87965400
2022-09-15,149.85690307617188,152.67957735931762,148.88324109971128,152.0992970318854,90481100
2022-09-16,148.2144317626953,148.85372001445614,145.92285973622464,148.71602969989698,162278800
2022-09-19,151.9320831298828,152.01076545240036,146.64082825286496,146.8473562182448,81474200
2022-09-20,154.3121337890625,155.47267903670416,150.55514749457834,150.86986170957442,107689800
2022-09-21,151.1846466064453,156.12185429489176,151.06663060825102,154.74493595176793,101696800
2022-09-22,150.2207794189453,151.9222413623521,148.42096082844884,149.8667164993867,86652500
2022-09-23,147.94888305664062,148.97173827223702,146.10973061112034,148.69635763891162,96029900
2022-09-26,148.28329467773438,151.23381448556898,147.171927414505,147.19160174855077,93339400
2022-09-27,149.25694274902344,152.16812862553914,147.47679836474876,150.22078993520137,84442700
2022-09-28,147.3686065673828,148.1554147485666,142.45107419388137,145.20489532446575,146691400
2022-09-29,140.1300048828125,144.30007793360352,138.35969014393336,143.69030869298015,128138200
2022-09-30,135.92056274414062,140.73975244416383,135.7238644926756,138.9497638394686,124925300
2022-10-03,140.10049438476562,140.71027860420344,135.41900896557823,135.93043653465315,114311700
2022-10-04,143.69032287597656,143.80833886784444,141.8806592936553,142.63796359142103,87830100
2022-10-05,143.98533630371094,144.94918341662517,140.65125008419213,141.69377951288206,79471000
2022-10-06,143.03134155273438,145.1065408456924,142.8248135939426,143.40507882099124,68402200
2022-10-07,137.7794189453125,140.73978304959337,137.1499753994762,140.18900681575843,85925600
2022-10-10,138.10394287109375,139.54969822824856,136.28446535176798,138.10394287109375,74899000
2022-10-11,136.68772888183594,139.0186494867963,135.9402693459634,137.5925530590874,77033700
2022-10-12,136.05825805664062,138.04494498633176,135.88123412590454,136.83523643828954,70433700
2022-10-13,140.631591796875,141.22168665886508,132.15375604675947,132.76354024673512,113224000
2022-10-14,136.09764099121094,142.1363705990491,135.9107723458466,141.92982762072035,88598000
2022-10-17,140.06117248535156,140.54308109407378,137.9564690521345,138.74327729972723,85250900
2022-10-18,141.3790740966797,144.2804155723702,138.2908639653918,143.09038098743915,99136600
2022-10-19,141.48727416992188,142.5592928689976,139.1661977624332,139.35306643618645,61758300
2022-10-20,141.02500915527344,143.48377562705596,140.29720887706276,140.6611165197279,64522000
2022-10-21,144.8409881591797,145.41142365797057,140.29717849836038,140.51355110159543,86548600
2022-10-24,146.98504638671875,147.75218027161432,143.59195189473937,144.76232705447245,75981900
2022-10-25,149.827392578125,149.97492757312142,146.89654709772452,147.61450271725704,74732300
2022-10-26,146.88668823242188,149.48314455270017,145.59828223025528,148.47013415168624,88194300
2022-10-27,142.41175842285156,146.59166146526223,141.75281080290236,145.62782920100577,109180200
2022-10-28,153.17129516601562,154.90226106166642,145.3819261249116,145.75564835945892,164762400
2022-10-31,150.81088256835938,151.69604741946125,149.41430514421359,150.6338586024099,97943200
2022-11-01,148.16526794433594,152.88610277414685,146.67034867047332,152.52221012298716,80379300
2022-11-02,142.637939453125,149.66017491618842,142.60843546015093,146.49328294195223,93604600
2022-11-03,136.58937072753906,140.44471393264007,136.4615100959827,139.71691380956625,97918500
2022-11-04,136.32339477539062,140.5496299805745,132.38284296255216,139.97824816387146,140814800
2022-11-07,136.85537719726562,137.08195474161485,133.65367850914586,135.0722797176196,83374600
2022-11-08,137.42677307128906,139.32808250128076,135.44665078479818,138.32325240295035,89908500
2022-11-09,132.8655548095703,136.49087039963513,132.58971737719733,136.44161049413725,74917800
2022-11-10,144.68724060058594,144.68724060058594,137.4267769783545,139.14092283391125,118854000
2022-11-11,147.4751739501953,147.78056436308594,142.22438595277526,143.65284825618983,93979700
2022-11-14,146.07627868652344,148.04655491917902,145.23890527483894,146.75602639191197,73374100
2022-11-15,147.8101043701172,151.3073474058049,146.35210428518187,149.95771310615612,89868300
2022-11-16,146.57867431640625,147.64262514508096,145.10096733747125,146.91363265596118,64218300
2022-11-17,148.48001098632812,149.22871050736455,143.97792279490108,144.2537602517047,80389400
2022-11-18,149.04153442382812,150.43058273283654,147.74115996689468,150.04637948055915,74829600
2022-11-21,145.81028747558594,148.13521403601513,145.52460403537026,147.9283434491039,58724100
2022-11-22,147.94802856445312,148.1844671134609,144.7463298277078,145.92850754073268,51804100
2022-11-23,148.82479858398438,149.57349802080938,147.1204990929822,147.22886486968167,58301400
2022-11-25,145.90879821777344,146.66735873059727,144.93350612985708,146.1058228227629,35195900
2022-11-28,142.0766143798828,144.4606467175549,141.24910200456142,142.98293960504637,69246000
2022-11-29,139.0718994140625,142.65780035300432,138.26409424637174,142.14552449543845,83763800
2022-11-30,145.8299560546875,146.50970358247017,138.46112907886217,139.2984872397453,111380900
2022-12-01,146.10580444335938,146.9136247638141,144.43107296360157,146.00729966926298,71250400
2022-12-02,145.6132354736328,145.80041408602733,143.48533393064037,143.79073931676461,65447400
2022-12-05,144.4507598876953,148.67699441991306,143.60354078156183,145.57381637424345,68826400
2022-12-06,140.78607177734375,145.11082689130228,139.81077976944414,144.8842493657544,64727200
2022-12-07,138.84536743164062,141.2392458201791,137.9193352044314,140.07679006739448,69721100
2022-12-08,140.52993774414062,141.38701807504808,139.00298578220685,140.24425432184734,62128300
2022-12-09,140.04721069335938,143.40653461732074,138.80592729031733,140.22452830407295,76097000
2022-12-12,142.34259033203125,142.35243630018152,138.9635592869445,140.5791849523235,70462700
2022-12-13,143.30799865722656,147.7411188094641,142.09628335791112,147.27810283544738,93886200
2022-12-14,141.08163452148438,144.4803579746899,139.0620984014011,143.18982946326526,82291200
2022-12-15,134.4713592529297,139.69259452336593,134.00834311374663,139.01284678575612,98931900
2022-12-16,132.51089477539062,135.6042272094749,131.74248840865712,134.65850323442362,160156900
2022-12-19,130.4027099609375,133.1906522558453,129.36832710470327,133.10199344508453,79592600
2022-12-20,130.33377075195312,131.26964891983806,127.95958437581338,129.43729149310985,77432800
2022-12-21,133.43692016601562,134.77670825725167,130.77705094971176,131.00362844860888,85928000
2022-12-22,130.26478576660156,132.56015897362735,128.36347675529532,132.35328842388512,77852100
2022-12-23,129.90028381347656,130.45195863115794,127.71327647766012,128.97425178436364,63814900
2022-12-27,128.09747314453125,129.4569681847138,126.80694496905855,129.42741525184118,69007800
2022-12-28,124.16679382324219,129.08263031505834,123.99932216789122,127.7428420402377,85438400
2022-12-29,127.68373107910156,128.54079629058208,125.83167442757419,126.08780488461109,75703700
2022-12-30,127.99895477294922,128.01866173908738,125.53611764206177,126.50155605068613,77034200
2023-01-03,123.21119689941406,128.9545451464431,122.32457128587431,128.3437644584535,112117500
2023-01-04,124.48202514648438,126.74784531380757,123.22104984209798,125.00414702883133,89113600
2023-01-05,123.16194152832031,125.87107085400619,122.90581107632524,125.24058317585433,80962700
2023-01-06,127.69359588623047,128.35363661029058,123.03389687582771,124.1372542550979,87754700
2023-01-09,128.2156982421875,131.4272575812406,127.95956778658704,128.530949601707,70790800
2023-01-10,128.78707885742188,129.30920076375085,126.21586822934367,128.32406282244906,63896200
2023-01-11,131.50608825683594,131.52578019546752,128.5211210646013,129.29937353694692,69458900
2023-01-12,131.42724609375,132.26460425926095,129.48652329837336,131.89026209256642,71379600
2023-01-13,132.75717163085938,132.9147972949888,129.70325330640753,130.0677495016975,57809700
2023-01-17,133.91966247558594,135.24958975985854,132.1365650960417,132.82615869144374,63646600
2023-01-18,133.20050048828125,136.54996329562516,133.0231678517452,134.7865730896908,69672800
2023-01-19,133.2595977783203,134.2250286377242,131.78189104102427,132.08728136161048,58280400
2023-01-20,135.82095336914062,135.96873306889344,132.22520615532028,133.26944989272516,80223600
2023-01-23,139.01283264160156,141.18999437445396,135.85053284595898,136.06726442233395,81760300
2023-01-24,140.41172790527344,141.03236969957698,138.21487421828232,138.22472018745663,66435100
2023-01-25,139.75167846679688,140.31319931491353,136.74700453490559,138.7960933961296,65799300
2023-01-26,141.8204803466797,142.10616376720364,139.79108333600698,141.04221286895242,54105100
2023-01-27,143.76119995117188,145.04188252528883,140.95356530270018,141.03237815686282,70555800
2023-01-30,140.874755859375,143.3868611555781,140.7269911492517,142.80563325307273,64015300
2023-01-31,142.1455535888672,142.19481349464007,140.16543164570373,140.57918779657314,65874500
2023-02-01,143.2686004638672,144.43107102589934,139.2196980441436,141.83030751885846,77663600
2023-02-02,148.5784912109375,148.93312639059383,145.9678670041684,146.68701339404373,118339000
2023-02-03,152.2037811279297,155.0409826349262,145.6329141931087,145.82993873509255,154357300
2023-02-06,149.47500610351562,150.82465558006805,148.53912787485072,150.3025335672756,69858300
2023-02-07,152.35157775878906,152.9229595728958,148.4011799958932,148.4011799958932,83322600
2023-02-08,149.66213989257812,152.28261017293363,148.92328650742598,151.59301668652708,64120100
2023-02-09,148.62777709960938,152.036361465456,148.18446797066764,151.49453251585427,56007100
2023-02-10,148.99282836914062,149.31842209117474,147.226745512614,147.46354505272012,57450700
2023-02-13,151.7948760986328,152.19938787253557,148.90400724096855,148.93360529625505,62199000
2023-02-14,151.15357971191406,151.7159729836762,148.84484061249728,150.08800434565288,61707600
2023-02-15,153.25514221191406,153.42286958750384,150.83787171493694,151.06479521662123,65573800
2023-02-16,151.65675354003906,154.24175084931028,151.3015618059057,151.45941308943844,68167900
2023-02-17,150.5122528076172,150.95623873407766,148.83496427712012,150.314927401964,59144100
2023-02-21,146.49661254882812,149.27895045459564,146.42755543146694,148.19363813923312,58867200
2023-02-22,146.92088317871094,147.94698436963745,145.19425945136115,146.88140906273446,51011300
2023-02-23,147.4043426513672,148.3317887532872,145.27320688340583,148.0851281966049,48394200
2023-02-24,144.75027465820312,145.22385866894857,143.77349352201168,145.1449254913303,55469600
2023-02-27,145.944091796875,147.17739437262094,145.48036882399748,145.736905394929,44998500
2023-02-28,145.44094848632812,147.0886393595919,144.86869413223585,145.08575664775248,50547000
2023-03-01,143.36895751953125,145.26330849706878,143.0729618860178,144.86865768902635,55479000
2023-03-02,143.96095275878906,144.75026945161636,141.977792498003,142.4513915466776,52238100
2023-03-03,149.01255798339844,149.0914911594904,145.36198515518814,146.0624926286878,70732300
2023-03-06,151.77517700195312,154.2121845297758,151.41012419214647,151.7357028817241,87558000
2023-03-07,149.57496643066406,151.97249979658332,149.11124338331118,151.64690605769943,56182000
2023-03-08,150.8279571533203,151.41994837307152,149.80185610137525,150.76876104233762,47204800
2023-03-09,148.57843017578125,152.47566345847628,148.2232384177023,151.50875841619168,53833600
2023-03-10,146.51637268066406,148.92378215572674,145.63826168901898,148.2035375357173,68572400
2023-03-13,148.4600372314453,151.09436981836478,145.72703441304543,145.83556564568843,84457100
2023-03-14,150.5517120361328,151.35088971565344,148.09498288130473,149.25921331444258,73695900
2023-03-15,150.94638061523438,151.20290214198522,147.91738213550175,149.17042182051847,77167900
2023-03-16,153.76817321777344,154.3700254849667,149.6144034630521,150.127461556798,76161100
2023-03-17,152.92950439453125,154.64626683139153,152.21912097617263,153.99507952206918,98944600
2023-03-20,155.29742431640625,155.71182715017224,152.0908382388982,152.99856200766544,73641400
2023-03-21,157.15235900878906,157.2707512481165,154.44895412275298,155.21854884327422,73938300
2023-03-22,155.72174072265625,159.97416620924432,155.7020036632039,157.17210596561782,75701800
2023-03-23,156.80703735351562,159.3920501505052,155.57373460560854,156.70838216666218,67622100
2023-03-24,158.10940551757812,158.19819969843707,155.74147036488569,156.73797352277555,59196500
2023-03-27,156.1657257080078,158.6224701978729,155.76119879412065,157.80355536791788,52390300
2023-03-28,155.54415893554688,156.3729499432233,153.8964680337441,155.85989171084594,45992200
2023-03-29,158.62246704101562,158.89872564622954,157.2214369560123,157.24115895998125,51305700
2023-03-30,160.1912078857422,160.2997391161816,159.11577163727372,159.37229315696538,49501700
2023-03-31,162.69728088378906,162.79595111857384,159.74723055627194,160.27014967971024,68749800
2023-04-03,163.9503173828125,164.06870961825848,162.02636828199599,162.07570339841976,56976200
2023-04-04,163.41754150390625,164.61137005549932,162.90448337873613,164.37458557847017,46278300
2023-04-05,161.57247924804688,162.84525578594236,159.63866946956193,162.53939919225064,51511700
2023-04-06,162.46051025390625,162.75650592852264,159.83603835658786,160.2602872813979,45390100
2023-04-10,159.86561584472656,159.86561584472656,157.94166678976978,159.26376357061562,47716900
2023-04-11,158.65206909179688,160.1912285181147,158.3659344224378,160.18136751588224,47644200
2023-04-12,157.96141052246094,159.89522066020655,157.64567781550258,159.06644488688698,50133100
2023-04-13,163.34849548339844,163.585295053308,159.2637969960001,159.47099850154177,68445600
2023-04-14,163.003173828125,164.09834733508953,161.6317416937249,162.39144539168964,49386500
2023-04-17,163.0228729248047,163.1807392768596,161.83890539432053,162.8847436304976,41516200
2023-04-18,164.24630737304688,165.1737533320214,163.4372536454433,163.88125462301093,49923000
2023-04-19,165.39080810546875,165.91372717633618,163.32871482350347,163.58525138616776,47720200
2023-04-20,164.4239044189453,165.62760901810955,163.34846811386117,163.87138723669895,52456400
2023-04-21,162.81568908691406,164.226580111448,162.29276996055185,162.84528714652217,58337300
2023-04-24,163.12152099609375,163.3879185471219,161.70075413055952,162.79592733482866,41949600
2023-04-25,161.58238220214844,164.08844653165775,161.54290808705858,162.98341218856248,48714100
2023-04-26,161.57247924804688,163.07217921755856,160.6253114130636,160.88183289858796,45498800
2023-04-27,166.16038513183594,166.30837541189834,162.98339664348885,162.98339664348885,64902300
2023-04-28,167.41343688964844,167.58117930762924,165.63749302008387,166.23934534853646,55275900
2023-05-01,167.32464599609375,168.17315888477142,166.38733892318547,167.01878932487827,52472900
2023-05-02,166.2886505126953,168.07448533412125,165.30200842691818,167.81794875664258,48425700
2023-05-03,165.21322631835938,168.63687581044152,164.92710671677185,167.23584575291258,65136000
2023-05-04,163.57537841796875,164.8086809772467,162.11515240317325,162.68740659727376,81235400
2023-05-05,171.25148010253906,171.97172463520235,168.4790030974248,168.6960655683585,113453200
2023-05-08,171.18243408203125,171.52776489899594,169.81100192703093,170.1760547498472,55962800
2023-05-09,169.47555541992188,171.2219014856959,169.30782803221874,170.7384563843654,45326900
2023-05-10,171.24159240722656,171.70531537679722,169.60376298512443,170.70881232248743,53724500
2023-05-11,171.4290771484375,172.2578529585823,169.87018071223292,171.52774738748727,49514700
2023-05-12,170.50033569335938,171.97245613352067,168.94915782664347,171.5377307421917,45533100
2023-05-15,170.00633239746094,171.13265951386708,169.41352230428424,171.0832561601379,37266700
2023-05-16,170.00633239746094,171.0634918034888,169.73956634795272,169.92729004665156,42110300
2023-05-17,170.618896484375,170.8560084675657,168.37611683004315,169.65065404284252,57951600
2023-05-18,172.95057678222656,173.13830046836398,170.51019901401196,170.92516002115397,65496700
2023-05-19,173.0592803955078,174.27452457823847,172.84191768629904,174.27452457823847,55809500
2023-05-22,172.1107940673828,172.61468722054929,171.3697889134683,171.89343134950482,43570900
2023-05-23,169.50244140625,171.300620989034,169.22580071286586,171.05361929309908,50747300
2023-05-24,169.77908325195312,170.35212899950594,168.4749221279745,169.03807815911904,45143500
2023-05-25,170.91531372070312,171.814388514026,169.63090177565675,170.3422679275043,56058300
2023-05-26,173.32603454589844,173.6619683326656,171.03386649216068,171.24135456411133,54835000
2023-05-30,175.173583984375,176.843317653342,174.45234334317226,174.83766533787346,55964400
2023-05-31,175.1242218017578,177.19904230758075,174.64009299685546,175.20326416230037,99625300
2023-06-01,177.93014526367188,177.95978426232014,174.8080400825605,175.56880955803746,68901800
2023-06-02,178.77981567382812,179.59986307293,177.11008187963884,178.8588580217184,61996900
2023-06-05,177.42626953125,182.73186141970515,175.90473056039738,180.43969339813148,121946500
2023-06-06,177.0607452392578,177.95982017265834,175.30207886845048,177.81162514951285,64848400
2023-06-07,175.68739318847656,179.03673595726826,175.19338974130497,176.2999526387169,61944600
2023-06-08,178.40443420410156,178.67118524398478,175.33173177978392,175.76644220337568,50214900
2023-06-09,178.7897186279297,180.04447641965535,178.46367457216073,179.3232356709596,48900000
2023-06-12,181.58575439453125,181.68456110008822,178.7995831921066,179.09598823299092,54274900
2023-06-13,181.1115264892578,181.94144859403625,180.2519653861507,180.6076484418825,54929100
2023-06-14,181.7438507080078,182.1785761189824,179.8370047903456,181.17080494588566,57462900
2023-06-15,183.7791748046875,184.28306801815378,181.57592343794417,181.75377253557645,65433200
2023-06-16,182.7021942138672,184.74737528632218,182.05999589951927,184.49048389995454,101256200
2023-06-20,182.79112243652344,183.8680612460024,182.19832743508823,182.19832743508823,49799100
2023-06-21,181.75375366210938,183.18636063386023,180.40017397466633,182.68246747271866,49515700
2023-06-22,184.7572784423828,184.8066817993699,181.46721386744264,181.53638158238215,51245300
2023-06-23,184.44110107421875,185.31055187722217,182.79113153727351,183.3246636484937,53117000
2023-06-26,183.04803466796875,185.79469252512132,183.00850595123646,184.58932295318664,48088700
2023-06-27,185.80458068847656,186.13062478419894,183.4432447307805,183.6606074612621,50730800
2023-06-28,186.98031616210938,187.62251465229744,185.35011071729988,185.67613974563,51216800
2023-06-29,187.31622314453125,187.7904773075337,186.67402469467498,186.8123450566035,46347300
2023-06-30,191.64369201660156,192.14757008838143,188.96618679019105,189.33175958026345,85213200
2023-07-03,190.1517791748047,191.5547469022835,189.4601624130482,191.45594020037944,31458200
2023-07-05,189.0353546142578,190.66555990536892,188.33386310926684,189.27248168829453,46920300
2023-07-06,189.5095977783203,189.71708585705593,186.93089921117289,187.56322301313529,45094300
2023-07-07,188.39315795898438,190.3592972164489,187.95844756471837,189.11441388693564,46815000
2023-07-10,186.3479766845703,187.71143099184326,184.79679865953796,186.9901751208951,59922200
2023-07-11,185.82432556152344,187.0296950947768,184.3620796809065,186.8913747422291,46638100
2023-07-12,187.49404907226562,189.4008949030878,186.2096372553674,187.4051170053163,60750200
2023-07-13,188.25482177734375,188.897035286273,187.5039419858172,188.2153081360164,41342300
2023-07-14,188.4030303955078,188.88714410801785,187.35574553686786,187.94854060692288,41616200
2023-07-17,191.6634521484375,191.9894962144421,189.5095893997432,189.598506397075,50520200
2023-07-18,191.40655517578125,191.99936529239264,190.1122686661601,191.03112283932904,48288200
2023-07-19,192.7601318359375,195.85258285437448,190.3395031262878,190.7841182449009,80507300
2023-07-20,190.81375122070312,194.1136901954007,190.19130213491889,192.7502360363635,59581200
2023-07-21,189.6380157470703,192.63167495782974,188.93652432958442,191.77211391982547,71951700
2023-07-24,190.43832397460938,192.57242242955687,189.9443205401746,191.09041212625252,45377800
2023-07-25,191.2978515625,192.10802428920428,190.60624989079253,191.01133625414468,37283200
2023-07-26,192.16732788085938,193.29365506077994,191.00148706119938,191.34728040522955,47471900
2023-07-27,190.9026641845703,194.83492680246852,190.24070147552166,193.66908608151945,47460200
2023-07-28,193.4813690185547,194.2717774555962,191.81163515269853,192.33527753863382,48291400
2023-07-31,194.09393310546875,194.13346181996275,192.91820259976402,193.70861105598286,38824100
2023-08-01,193.26400756835938,194.37057034188453,192.93796352063418,193.88645666636083,35175100
2023-08-02,190.2703399658203,192.8391484466102,189.5490992662055,192.70082810591987,50389300
2023-08-03,188.8772430419922,190.06284809201935,188.40300403713854,189.27245477585868,61235200
2023-08-04,179.80735778808594,185.13271368389906,179.73819007769725,183.295020485719,115956800
2023-08-07,176.70501708984375,180.9336848652445,175.2230069327887,179.94567809387448,97576100
2023-08-08,177.64361572265625,178.10798009875546,175.45023954323045,177.5349343777014,67823000
2023-08-09,176.0529327392578,178.76006170176663,174.88707688488682,178.70078370635215,60378500
2023-08-10,175.83558654785156,178.58224448237493,175.4700288246158,177.32747151707323,54686900
2023-08-11,175.89492797851562,176.71608281179377,174.6681548123879,175.4299516016464,52036700
2023-08-14,177.54714965820312,177.77469387045335,175.42005736478495,176.0730260741773,43675600
2023-08-15,175.55857849121094,177.56693975444728,175.1628480821964,176.97334414092546,43622600
2023-08-16,174.68795776367188,176.63694575843348,174.61869664349865,175.24198634047178,46964900
2023-08-17,172.1453399658203,175.6179215615527,171.6308784010705,175.25187020963352,66062900
2023-08-18,172.630126953125,173.23362560342792,170.12709527960956,170.46346761685473,61172200
2023-08-21,173.96572875976562,174.25264612165492,171.88812158676677,173.20394701107267,46311900
2023-08-22,175.3408966064453,175.78609702554508,174.37134667878323,175.17271045239184,42038900
2023-08-23,179.18943786621094,179.61486234805133,176.42918310654636,176.61716031274474,52722800
2023-08-24,174.49998474121094,179.16967585239115,174.13391827576947,178.74425133745834,54945800
2023-08-25,176.70620727539062,177.2404448053197,173.9459523611551,175.4893219988908,51449600
2023-08-28,178.26937866210938,178.66510907128173,176.64685983066678,178.17043851174256,43820700
2023-08-29,182.15745544433594,182.9291401969668,177.58670497165372,177.78457014737916,53003900
2023-08-30,185.64984130859375,185.84772159478027,182.77087033679462,182.9687355268348,60813900
2023-08-31,185.8674774169922,187.10415359099386,185.48163505454943,185.8377983965077,60794500
2023-09-01,187.44056701660156,187.8956554579994,186.27313669620688,187.4702460412081,45766500
2023-09-05,187.677978515625,187.95499277883354,185.61025951662367,186.27311615331163,45280000
2023-09-06,180.96035766601562,186.83704535292617,179.5357042757167,186.39182984634905,81755800
2023-09-07,175.66737365722656,176.31045432139675,171.69021887943939,173.31273740579792,112488800
2023-09-08,176.28077697753906,178.3188321743013,175.89493458078306,176.4489782367689,65551300
2023-09-11,177.4481964111328,178.37817933531872,175.44972343125323,178.15063513987275,58953100
2023-09-12,174.42083740234375,178.21001559327632,172.95661681425068,177.57683789873767,90370200
2023-09-13,172.35313415527344,175.41019478806757,172.12557481392682,174.62860679955227,84267900
2023-09-14,173.8667755126953,174.22293884118037,171.72979554178494,172.1453169089935,60895800
2023-09-15,173.14454650878906,174.61866989320765,171.96724351151664,174.59887884816905,109259500
2023-09-18,176.07302856445312,177.46800307348116,174.2922116482627,174.59890495957814,67257600
2023-09-19,177.1613006591797,177.71532920549458,175.24197669791334,175.62781908525017,51826900
2023-09-20,173.61949157714844,177.78460955022456,173.53043939661168,177.34929700946202,58436200
2023-09-21,172.0760955810547,174.4208443257111,172.00684955191673,172.68949734734272,63149100
2023-09-22,172.92691040039062,175.19250979208792,172.19480770645978,172.8081943086496,56725400
2023-09-25,174.20315551757812,175.08366835534056,172.2937196425223,172.34318970903263,46172700
2023-09-26,170.12709045410156,173.3325457352886,169.83028512536117,172.95660640862047,64588900
2023-09-27,168.6133575439453,171.19553782333026,167.24807740616436,170.78001646868876,66921800
2023-09-28,168.87062072753906,170.19633406818943,165.83333655703308,167.53500431517824,56294400
2023-09-29,169.3850555419922,171.22523014825262,168.52431872709803,170.18641922443499,51861100
2023-10-02,171.89801025390625,172.44215085955082,169.10806120104496,169.39497856408786,52164500
2023-10-03,170.5623779296875,171.77927819729268,168.99923247491208,170.42387079713225,49594600
2023-10-04,171.80894470214844,172.35308521759683,169.14761525980057,169.26633133730053,53020300
2023-10-05,173.045654296875,173.5798918450903,170.83941278902026,171.93758200671277,48527900
2023-10-06,175.59814453125,176.092815045354,171.33407201891083,171.94747372177912,57266700
2023-10-09,177.08213806152344,177.1414961017949,173.92613808717138,174.9253669894116,42390800
2023-10-10,176.48854064941406,177.80436599291428,176.05322819338144,176.20163840129018,43698000
2023-10-11,177.8834991455078,177.93296921037802,175.70695215651745,176.30054764652704,47551100
2023-10-12,178.78384399414062,180.39645978644091,177.13163100626258,178.1506662685904,56743100
2023-10-13,176.94363403320312,179.99079085887703,176.24119532002288,179.4862324115919,51427100
2023-10-16,176.8150177001953,177.17118104988546,174.6285675347915,174.86601479996662,52517000
2023-10-17,175.26171875,176.5181858077489,172.93677690024634,174.76704834416185,57549400
2023-10-18,173.96572875976562,175.68718764266174,173.24351401125745,173.7085055181981,54764400
2023-10-19,173.5897674560547,175.94438862084118,173.3226411761323,174.16357191493293,59302900
2023-10-20,171.0372772216797,173.55019672394363,170.7998299466356,173.44136860989997,64244000
2023-10-23,171.15597534179688,172.15520421409377,168.11869153900426,169.08825648819888,55980100
2023-10-24,171.59132385253906,171.81886808001443,169.62252961684246,171.2054814250168,43816600
2023-10-25,169.27626037597656,171.21536038795298,168.83104482476435,170.04794519039626,57157000
2023-10-26,165.1111297607422,169.55327657792432,163.90413245355498,168.55403244057868,70625300
2023-10-27,166.42694091796875,167.1590586780216,165.05175755916278,165.13090664912622,58499100
2023-10-30,168.47488403320312,169.3455090048735,167.07002152646473,167.218431744534,51131000
2023-10-31,168.9497833251953,169.07838740239757,166.1103641120373,167.54492077929578,44846000
2023-11-01,172.1156463623047,172.37286957481675,168.30667766450742,169.1773025316942,56934900
2023-11-02,175.6772918701172,175.88504503012373,173.58978171760563,173.64913976332178,77334800
2023-11-03,174.76708984375,174.93529110628108,171.5022764668811,172.38278939451087,79829200
2023-11-06,177.319580078125,177.51744525540883,174.3317811800047,174.49996733550321,63841300
2023-11-07,179.8820037841797,180.4953904276926,177.06237564620827,177.27012882075113,70530000
2023-11-08,180.94056701660156,181.4945955371222,179.65442075331012,180.40632954214095,49340300
2023-11-09,180.4656982421875,182.1574629246798,179.87208759448916,181.00983881988668,53763500
2023-11-10,184.65609741210938,184.82452025063435,181.8129530168045,182.24883894138773,66133400
2023-11-13,183.07110595703125,184.28959445510736,182.4866293320066,184.08156757584422,43627500
2023-11-14,185.68638610839844,186.35011603301572,184.55705211313364,185.94394820695575,60108400
2023-11-15,186.2510528564453,187.72711849110286,186.02320887124122,186.09256123667055,53790500
2023-11-16,187.9351348876953,189.1734402500684,186.88503924293582,187.7964452917508,54412900
2023-11-17,187.91534423828125,188.5988913131576,186.80582731444395,188.47010270019993,50922700
2023-11-20,189.6588592529297,190.11456230851306,188.10355547172335,188.11345647352806,46505100
2023-11-21,188.8564453125,189.72821721009598,187.96487141071046,189.6192457228965,38134500
2023-11-22,189.5201873779297,191.12502655036587,189.0446822742513,189.69851123933077,39617700
2023-11-24,188.19273376464844,189.1140258787283,187.47946852715137,189.0843077535022,24048300
2023-11-27,188.01438903808594,188.88616092409407,187.13271615011263,188.14317764380084,40552600
2023-11-28,188.61868286132812,189.29232889633607,187.62803848681267,188.0044881862593,38415400
2023-11-29,187.5983428955078,190.29289712708973,187.202091144525,189.1140277612682,43014200
2023-11-30,188.17291259765625,188.53946132762457,186.42938378571617,188.06394110215783,48794400
2023-12-01,189.4508514404297,189.76784980640184,187.4596464071562,188.54936135651158,45704800
2023-12-04,187.6577606201172,188.27197042434886,185.69628894913777,188.2026180609542,43389500
2023-12-05,191.6104278564453,192.58125508438908,188.40073472916,188.43046796633192,66628400
2023-12-06,190.520751953125,192.93791176533594,190.3127099631217,192.6308143978356,41089700
2023-12-07,192.45248413085938,193.17565028147504,191.77883810543793,191.8184723448333,47477700
2023-12-08,193.87901306152344,194.15639227120218,191.8580901155405,192.38313041357762,53406400
2023-12-11,191.37271118164062,191.67982369646083,189.62918217652637,191.30337392193297,60943700
2023-12-12,192.8883819580078,192.8982829604503,189.92634969600132,191.27362671385956,52696900
2023-12-13,196.1079559326172,196.14757505430106,193.02705149757753,193.26479645974607,70404200
2023-12-14,196.25656127929688,197.75242887078264,194.32480773637585,196.16740691178524,66831600
2023-12-15,195.7216339111328,196.54385551373443,195.15695931123605,195.68199966761293,128538400
2023-12-18,194.05734252929688,194.7904248709577,192.57137584033416,194.2554683979516,55751900
2023-12-19,195.09751892089844,195.1074199235508,194.0573392330858,194.32481746504553,40714100
2023-12-20,193.00726318359375,195.8305908429342,193.00726318359375,195.05788936850126,52242800
2023-12-21,192.85862731933594,195.236182736706,191.68967428738756,194.26535554386368,46482500
2023-12-22,191.7887725830078,193.58183662844655,191.16466173906855,193.35397752019378,37149600
2023-12-26,191.243896484375,192.0760341178965,191.02595351616222,191.79865490672267,28919300
2023-12-27,191.3429718017578,191.6897034098951,189.3022466284661,190.68915794498034,48087700
2023-12-28,191.76893615722656,192.83883387512188,191.3627683436117,192.32369457775746,34049900
2023-12-29,190.72877502441406,192.58127531145587,189.9362564400636,192.08595308574118,42672100
